name,neighborhood,address
SAUTE,Canton,"2844 HUDSON ST
Baltimore, MD"
#1 CHINESE KITCHEN,Hampden,"3998 ROLAND AVE
Baltimore, MD"
#1 chinese restaurant,Millhill,"2481 frederick ave
Baltimore, MD"
19TH HOLE,Clifton Park,"2722 HARFORD RD
Baltimore, MD"
3 KINGS,McElderry Park,"2510 MCELDERRY ST
Baltimore, MD"
"3 MILES HOUSE, INC.",Remington,"2701 MILES AVE
Baltimore, MD"
3 W'S TAVERN,McElderry Park,"2518 MONUMENT ST
Baltimore, MD"
300 SOUTH ANN STREET,Upper Fells Point,"300 ANN ST
Baltimore, MD"
438 CLUB,Curtis Bay,"1600 HAZEL ST
Baltimore, MD"
5-MILE HOUSE,Woodmere,"5302 REISTERSTOWN RD
Baltimore, MD"
"743 S. MONTFORD,INC.",Canton,"743 MONTFORD ST
Baltimore, MD"
A & W RESTAURANT,Pulaski Industrial Area,"5625 O DONNELL ST
Baltimore, MD"
A TASTE OF CHINA,Downtown,"219 BALTIMORE ST
Baltimore, MD"
ABACROMBIE FINE FOODS,Mid-Town Belvedere,"58 BIDDLE STREET
Baltimore, MD"
ABC SUSHI,Middle East,"2003 MONUMENT ST
Baltimore, MD"
ACROPOLIS RESTAURANT,Greektown,"4718 EASTERN AVE
Baltimore, MD"
ADMIRAL FELL INN,Fells Point,"818 BROADWAY
Baltimore, MD"
AG & HARP'S,Morrell Park,"2522 WASHINGTON BLVD
Baltimore, MD"
"AIRPORT BAR & GRILL, INC.",Saint Helena,"6500 RIVERVIEW AVE
Baltimore, MD"
AKBAR RESTAURANT,Mount Vernon,"823 CHARLES ST
Baltimore, MD"
"AKDEY SUBWAY, INC.",Millhill,"2407 FREDERICK AVE
Baltimore, MD"
ALDO'S   RESTAURANT,Little Italy,"306 HIGH ST
Baltimore, MD"
ALE MARY'S,Fells Point,"1939 FLEET ST
Baltimore, MD"
ALEXANDER'S TAVERN,Fells Point,"710 BROADWAY
Baltimore, MD"
ALFEO'S,Mondawmin,"2401 LIBERTY HEIGHTS AVE
Baltimore, MD"
AL-HO CLUB,Booth-Boyd,"2105 FREDERICK AVE
Baltimore, MD"
BAY ATLANTIC CLUB,Downtown,"206 REDWOOD ST
Baltimore, MD"
BAY CAFE,Canton,"2809 BOSTON ST
Baltimore, MD"
BEACH  BUMS CAFÂ,Federal Hill,"1038 LIGHT ST
Baltimore, MD"
BECKER'S TAVERN,Baltimore Highlands,"3820 PRATT ST
Baltimore, MD"
BEDROCK,Downtown,"401 BALTIMORE ST
Baltimore, MD"
BEDROCK (KITCHEN AREA),Downtown,"401 BALTIMORE ST
Baltimore, MD"
BELAIR PUB,Glenham-Belford,"5860 BELAIR RD
Baltimore, MD"
BELT STREET PUB,Riverside,"1747 BELT ST
Baltimore, MD"
BELVEDERE TOWERS CAFÂ,Roland Park,"1190 NORTHERN PKWY
Baltimore, MD"
"BERGER'S TAVERN, INCORPORATED",Waltherson,"5523 BELAIR RD
Baltimore, MD"
BERMUDA BAR,Broadway East,"1801 NORTH AVE
Baltimore, MD"
BERTHA'S RESTAURANT,Fells Point,"734 BROADWAY
Baltimore, MD"
BERT'S EATS & DRINKS (3103-05),Charles Village,"3105 ST PAUL ST
Baltimore, MD"
BEST WESTERN TRAVEL PLAZA,Pulaski Industrial Area,"5625 O DONNELL ST
Baltimore, MD"
BIG APPLE TREE CAFÂ,Downtown,"300 BALTIMORE ST
Baltimore, MD"
BIG BAD WOLF'S HOUSE OF BARBEQUE,Harford-Echodale/Perring Parkway,"5713 HARFORD RD
Baltimore, MD"
BIG KAHUNA CANTINA,Inner Harbor,"301 LIGHT ST
Baltimore, MD"
BIG TEE'S BAR & GRILL,Greektown,"300 OLDHAM ST
Baltimore, MD"
BILL'S 60'S & 70'S CLUB,Hollins Market,"1000 LOMBARD ST
Baltimore, MD"
BILL'S CAFE,Graceland Park,"6701 HOLABIRD AVE
Baltimore, MD"
BILL'S LIGHTHOUSE INN,Riverside,"1741 LIGHT ST
Baltimore, MD"
BILTMORE SUITES HOTEL,Mount Vernon,"205 MADISON ST
Baltimore, MD"
BIRCHES RESTAURANT,Canton,"641 MONTFORD AVE
Baltimore, MD"
BIRDS OF A FEATHER,Fells Point,"1712 ALICEANNA ST
Baltimore, MD"
"BLACKTIE SERVICE, LLP",Seton Business Park,"4700 MT HOPE DR
Baltimore, MD"
BLACKTIE SERVICES,Woodberry,"3725 MALDEN AVE
Baltimore, MD"
BLARNEY STONE INN,Brooklyn,"3915 HANOVER ST
Baltimore, MD"
BLARNEY STONE PUB,Fells Point,"704 BROADWAY
Baltimore, MD"
BLEACHERS,Canton,"2501 FLEET ST
Baltimore, MD"
ALLEN RESTAURANT,Waltherson,"5621 BELAIR RD
Baltimore, MD"
ALOHA TOKYO,Locust Point Industrial Area,"1120 FORT AVE
Baltimore, MD"
ALONSO'S RESTAURANT & COCKTAIL LOUNGE,Evergreen,"415 COLD SPRING LN
Baltimore, MD"
AMBASSADOR DINNING ROOM,Tuscany-Canterbury,"3811 CANTERBURY RD
Baltimore, MD"
AMBROSIA'S,Cherry Hill,"1810 CHERRY HILL RD
Baltimore, MD"
AMERICAN FOOD SERVICE,Hollins Market,"901 PRATT ST
Baltimore, MD"
AMERICAN LEGION FEDERAL POST #19,Madison Park,"1502 MADISON AVE
Baltimore, MD"
AMERICAN LEGION POST #187,Curtis Bay,"1527 CHERRY ST
Baltimore, MD"
AMERICAN LEIGON FORT MCHENRY POST #133,Riverside,"506 FORT AVE
Baltimore, MD"
AMIGO'S BAR,Highlandtown,"400 EATON ST
Baltimore, MD"
ANGELINA'S,North Harford Road,"7135 HARFORD RD
Baltimore, MD"
ANGELO'S RESTAURANT & CARRYOUT,Wyman Park,"3600 KESWICK RD
Baltimore, MD"
ANGELS ROCK BAR,Downtown,"10 MARKET PLACE
Baltimore, MD"
ANGLE INN,Pulaski Industrial Area,"5805 O Donnell ST
Baltimore, MD"
ANNABEL LEE TAVERN,Canton,"601 CLINTON ST
Baltimore, MD"
ANNS AT LEXINGTON PLACE,Seton Hill,"631 LEXINGTON ST
Baltimore, MD"
APPLEBEE'S NEIGHBORHOOD GRILL & BAR,Fallstaff,"6798 REISTERSTOWN RD
Baltimore, MD"
aramark at citi bank baltimore,Downtown,"300 st paul pl
Baltimore, MD"
ARAMARK FHC SPORTS  (MAIN KITCHEN),Stadium Area,"1101 RUSSELL ST
Baltimore, MD"
ARAMARK FHC SPORTS (BAR 200-201),Stadium Area,"1101 RUSSELL ST
Baltimore, MD"
ARAMARK FHC SPORTS (BAR 210),Stadium Area,"1101 RUSSELL ST
Baltimore, MD"
ARAMARK FHC SPORTS (BAR 217),Stadium Area,"1101 RUSSELL ST
Baltimore, MD"
ARAMARK FHC SPORTS (BAR 221),Stadium Area,"1101 RUSSELL ST
Baltimore, MD"
ARAMARK FHC SPORTS (BAR 232),Stadium Area,"1101 RUSSELL ST
Baltimore, MD"
ARAMARK FHC SPORTS (BAR 236),Stadium Area,"1101 RUSSELL ST
Baltimore, MD"
ARAMARK FHC SPORTS (BAR 244),Stadium Area,"1101 RUSSELL ST
Baltimore, MD"
ARAMARK FHC SPORTS (BAR 252-253),Stadium Area,"1101 RUSSELL ST
Baltimore, MD"
ARAMARK/PNC,Downtown,"Hopkins Pl
Baltimore, MD"
ARA-MONUMENTAL LIFE INSURANCE COMPANY,Mid-Town Belvedere,"2 CHASE ST
Baltimore, MD"
ARCH SOCIAL CLUB,Penn North,"2426 PENNSYLVANIA
Baltimore, MD"
ARCOS,Washington Hill,"129 BROADWAY
Baltimore, MD"
ARIZONA BAR & GRILL,Washington Hill,"25 BROADWAY
Baltimore, MD"
ASAHI SUSHI,Fells Point,"629 BROADWAY
Baltimore, MD"
asian taste,Hampden,"916 36th st
Baltimore, MD"
ATWATER'S,Chinquapin Park-Belvedere,"529 BELVEDERE AVE
Baltimore, MD"
AU BON PAIN,Downtown,"1 SOUTH ST
Baltimore, MD"
AUSTIN GRILL,Canton,"2400 BOSTON ST
Baltimore, MD"
AUSTIN GRILL,Canton,"2400 BOSTON ST
Baltimore, MD"
AVENUE BAR & LIQUOR,Johnston Square,"1238 GREENMOUNT AVE
Baltimore, MD"
azteca de oro,Greektown,"4901 eastern ave
Baltimore, MD"
B,Bolton Hill,"1501 bolton ST
Baltimore, MD"
B & J RESTAURANT,Carrollton Ridge,"2251 WILKENS AVE
Baltimore, MD"
B & O CAFE,New Southwest/Mount Clare,"1301 PRATT ST
Baltimore, MD"
B G'S,Carrollton Ridge,"301 PAYSON ST
Baltimore, MD"
"B.G.'S,PUB INCORPORATED",Greektown,"619 OLDHAM ST
Baltimore, MD"
babalu grill,Downtown,"34 MARKET PL
Baltimore, MD"
BACKSTRETCH SALOON,Medfield,"1301 OLD COLDSPRING Ln
Baltimore, MD"
BAJA BEACH CLUB  (COMBINED WITH BAR-L),Downtown,"55 MARKET PL
Baltimore, MD"
BALTIMORE BEVERAGE CO. LLC,Downtown,"20 BALTIMORE ST
Baltimore, MD"
BALTIMORE BEVERAGE CO. -STARBUCKS,Downtown,"20 BALTIMORE ST
Baltimore, MD"
BALTIMORE COUNTRY CLUB,Roland Park,"4712 CLUB RD
Baltimore, MD"
BALTIMORE DELIGHT RESTAURANT,Greektown,"4713 EASTERN AVENUE
Baltimore, MD"
"BALTIMORE EAGLE, INC.",Charles North,"2022 CHARLES ST
Baltimore, MD"
BALTIMORE ESTONIAN SOCIETY,South Clifton Park,"1932 BELAIR RD
Baltimore, MD"
BALTIMORE MARRIOTT WATERFRONT/EMPLOYEE CAFETERIA,Inner Harbor,"700 ALICEANNA ST
Baltimore, MD"
BALTIMORE MARRIOTT WATERFRONT/GRILLE 700 RESTAURAN,Inner Harbor,"700 ALICEANNA ST
Baltimore, MD"
BALTIMORE MARRIOTT WATERFRONT/KOZMOS BAR,Inner Harbor,"700 ALICEANNA ST
Baltimore, MD"
BALTIMORE MARRIOTT WATERFRONT/RIGANOS DELI,Inner Harbor,"700 ALICEANNA ST
Baltimore, MD"
BALTIMORE MARRIOTT-INNER HARBOR/EMP. CAFETERIA,Inner Harbor,"110 EUTAW ST
Baltimore, MD"
BALTIMORE MARRIOTT-INNER HARBOR/REST/BAR,Inner Harbor,"110 EUTAW ST
Baltimore, MD"
BALTIMORE PHO,Hollins Market,"1114 16 HOLLINS ST
Baltimore, MD"
BALTMORE KICKERS,Washington Hill,"26 BROADWAY
Baltimore, MD"
BANJARA,Federal Hill,"1015 CHARLES ST
Baltimore, MD"
BANTHAI,Downtown,"340 CHARLES ST
Baltimore, MD"
BARISTA ESPRESSO CAFÂ,Inner Harbor,"500 HARBORVIEW DR
Baltimore, MD"
BARNES & NOBLE BOOKSELLERS,Inner Harbor,"601 PRATT ST
Baltimore, MD"
BARTENDERS,Canton,"2218 BOSTON ST
Baltimore, MD"
BLU BAMBU-FRESH AISIAN EATS,Inner Harbor,"621 PRATT ST
Baltimore, MD"
BLUE AGAVE RESTAURANT AND TEQUILERIA,Federal Hill,"1032 LIGHT ST
Baltimore, MD"
BLUE CRAB EXPRESS & CAFÂ INC.,Cherry Hill,"1020 PATAPSCO AVE
Baltimore, MD"
blue island malaysian cuisine,Downtown,"400 lexington st
Baltimore, MD"
BLUE JEAN CAFE,Broening Manor,"6422 HOLABIRD AVE
Baltimore, MD"
BLUE MOON  DINING  HOUSE  & EXPRESSO  BAR,Fells Point,"1621 ALICEANNA ST
Baltimore, MD"
BLUE PARROT,Glenham-Belford,"5860 BELAIR RD
Baltimore, MD"
BLUE POINT CRAB HOUSE (seasonal),Patterson Place,"237 MONTFORD AVE
Baltimore, MD"
BLUE SEA GRILL,Downtown,"614 WATER ST
Baltimore, MD"
BLUE SKY RESTAURANT,Downtown,"237 PARK AVE
Baltimore, MD"
BLUEHOUSE,Fells Point,"1407 FLEET ST
Baltimore, MD"
BO BROOKS,Canton,"2701 BOSTON ST
Baltimore, MD"
BOB CUMMINGS PLACE,Baltimore-Linwood,"148 EAST AVE
Baltimore, MD"
BOB DELI,Hopkins Bayview,"333 CASSELL DR
Baltimore, MD"
BOB'S BAR,Washington Village,"1173 WASHINGTON BLVD
Baltimore, MD"
BOB'S OLDIE'S CAFÂ,Brewers Hill,"4017 19 EASTERN AVE
Baltimore, MD"
BOCCACCIO,Little Italy,"925 EASTERN AVE
Baltimore, MD"
BOP BRICK OVEN PIZZA,Fells Point,"800 BROADWAY
Baltimore, MD"
BOUILLABAISSE CAFÂ,Downtown,"316 PARK AVE
Baltimore, MD"
BOULDER GARDEN CAFE,Loyola/Notre Dame,"4501 CHARLES ST
Baltimore, MD"
BRASS MONKEY SALOON,Fells Point,"1601 EASTERN AVE
Baltimore, MD"
BRASSERIE TATIN,Tuscany-Canterbury,"105 39TH ST
Baltimore, MD"
BREEZE INC.,Hampden,"850 36TH ST
Baltimore, MD"
"BRENDAL, INC.",Riverside,"201 FORT AVE
Baltimore, MD"
BREWER'S HILL PUB & GRILL,Brewers Hill,"3734 FLEET ST
Baltimore, MD"
BREWSTER'S TAVERN,Upper Fells Point,"2201 GOUGH ST
Baltimore, MD"
BROADWAY DINER,Pulaski Industrial Area,"6501 EASTERN AVE
Baltimore, MD"
BROOKEY'S,Belair-Edison,"4201 BELAIR RD
Baltimore, MD"
BROOKLYN BOOSTER CLUB,Brooklyn,"646 PATAPSCO AVE
Baltimore, MD"
"BROOKLYN INN, LLC",Brooklyn,"705 PATAPSCO
Baltimore, MD"
BROOKLYN PLEASURE CLUB,Brooklyn,"430 PATAPSCO AVE
Baltimore, MD"
"BROTHERS PLACE, INC.",Carrollton Ridge,"1846 PRATT ST
Baltimore, MD"
"BRUCE MCKELDIN CONSULTING, LLC",Fells Point,"702 BROADWAY
Baltimore, MD"
BUD PAOLINO'S RESTAURANT,Baltimore Highlands,"3919 LOMBARD ST
Baltimore, MD"
BUFFALO WINGGS AND BEER,North Harford Road,"7653 HARFORD RD
Baltimore, MD"
BULL ROBINSON  LIQUORS (AKA 2736 GREENMOUNT AV,Harwood,"454 WHITERIDGE AVE
Baltimore, MD"
BULLSEYE BAR & GRILLE,North Harford Road,"7653 HARFORD RD
Baltimore, MD"
BURGER KING,Carroll Park,"1735 WASHINGTON BLVD
Baltimore, MD"
BURGER KING,Fells Point,"2033 EASTERN AVE
Baltimore, MD"
BURGER KING,Kresson,"4100 PULASKI HWY
Baltimore, MD"
BURGER KING,Downtown,"8 FAYETTE ST
Baltimore, MD"
BURGER KING # 10293,Druid Heights,"1201 NORTH AVE
Baltimore, MD"
BURGER KING # 13360,Remington,"555 29TH ST
Baltimore, MD"
BURGER KING #10294,Pleasant View Gardens,"1241 ORLEANS ST
Baltimore, MD"
BURGER KING #10295,Central Park Heights,"4400 REISTERSTOWN RD
Baltimore, MD"
BURGER KING #1950,Cherry Hill,"1437 PATAPSCO AVE
Baltimore, MD"
BURGER KING #2610,Mondawmin,"2401 LIBERTY HEIGHTS AVE
Baltimore, MD"
"BURKE'S CAFE, INCORPORATED",Downtown,"36 LIGHT ST
Baltimore, MD"
BURKE'S CAFÂ/ COMEDY FACTORY,Downtown,"36 LIGHT ST
Baltimore, MD"
BUSTER'S PUB,Baltimore-Linwood,"3208 LOMBARD ST
Baltimore, MD"
"BUTTS & BETTY'S TAVERN, INC.",Upper Fells Point,"2200 GOUGH ST
Baltimore, MD"
B-WATCH,Fells Point,"2000 EASTERN AVE
Baltimore, MD"
BYZANTIO CAFÂ,Greektown,"4618 EASTERN AVE
Baltimore, MD"
CAFÂ AZAFRAN,Johns Hopkins Homewood,"3700 SAN MARTIN DR
Baltimore, MD"
CAFÂ EXPRESS,Downtown,"36 CHARLES ST
Baltimore, MD"
CAFÂ GIA,Little Italy,"410 HIGH ST
Baltimore, MD"
CAFÂ GOURMET,Downtown,"1 CHARLES ST
Baltimore, MD"
CAFE' INTERNATIONALE,Inner Harbor,"401 PRATT ST
Baltimore, MD"
CAFÂ LATTE 'DA,Fells Point,"1704 ALICEANNA ST
Baltimore, MD"
CAFE MANET,Federal Hill,"1020 CHARLES ST
Baltimore, MD"
"CAFÂ ON THE SQUARE, LLC",Downtown,"11 PACA ST
Baltimore, MD"
CAFÂ SUSSIE'S,Greenmount West,"203 NORTH AVE
Baltimore, MD"
CAFE ZEN,Rosebank,"438 BELVEDERE AVE
Baltimore, MD"
CALIFORNIA PIZZA KITCHEN,Inner Harbor,"201 PRATT ST
Baltimore, MD"
CAMDEN PUB,University Of Maryland,"647 PRATT ST
Baltimore, MD"
CAMERON'S SEAFOOD,Central Park Heights,"2707 COLD SPRING LN
Baltimore, MD"
CANTINA LAS AMERICAS/LA RUMBA,Washington Hill,"1650 54 E PRATT ST
Baltimore, MD"
CANTON COVE,Canton,"901 CLINTON ST
Baltimore, MD"
CANTON STATION,Canton Industrial Area,"1028 CONKLING ST
Baltimore, MD"
CANTON'S PEARLS,Canton,"3301 BOSTON ST
Baltimore, MD"
CANTON'S PORTSIDE TAVERN,Canton,"2821 O DONNELL ST
Baltimore, MD"
CAPTAIN LARRY'S,Riverside,"601 FORT AVE
Baltimore, MD"
caribbean paradise,Charles North,"1818 charles ST
Baltimore, MD"
CARIBOU COFFEE,Downtown,"1 CHARLES ST
Baltimore, MD"
CARL REFEERS BAR & GRILL,Fells Point,"707 BROADWAY
Baltimore, MD"
CARLOS O'CHARLIES,Highlandtown,"3508 EASTERN AVE
Baltimore, MD"
CARL'S LITTLE HOUSE,Washington Village,"1171 HAMBURG ST
Baltimore, MD"
CARLYLE CLUB,Roland Park,"500 UNIVERSITY PKWY
Baltimore, MD"
CAROLINAS TEX- MEX RESTAURANT,Fells Point,"1704 GOUGH ST
Baltimore, MD"
CAROLINA'S TEX-MEX RESTURANT,Fells Point,"505 BROADWAY
Baltimore, MD"
CARROLL STATION,Carroll Park,"1415 WASHINGTON BLVD
Baltimore, MD"
CARROLL STATION,Carroll Park,"1415 19 WASHINGTON BLVD
Baltimore, MD"
CASSANOVIA,Penn North,"2700 PENNSYLVANIA AVE
Baltimore, MD"
CASTAWAY'S BAR &  GRILL,Canton,"2206 BOSTON ST
Baltimore, MD"
CATALINA RESTAURANT,Inner Harbor,"500 HARBOR VIEW DR
Baltimore, MD"
CATCH 22 SALOON,Joseph Lee,"6000 EASTERN AVE
Baltimore, MD"
CATON HOUSE RESTAURANT,Morrell Park,"1506 CATON AVE
Baltimore, MD"
CATTLE & FIN GRILL,Woodring,"6826 HARFORD RD
Baltimore, MD"
CAZBAR,Downtown,"316 CHARLES ST
Baltimore, MD"
CC LOUNGE,Lucille Park,"4923 REISTERSTOWN RD
Baltimore, MD"
CEASAR'S DEN,Little Italy,"223 HIGH ST
Baltimore, MD"
CEDONIA INN,Frankford,"5900 MORAVIA RD
Baltimore, MD"
"CENTER CLUB, INCORPORATED",Inner Harbor,"100 LIGHT ST
Baltimore, MD"
CENTER STAGE,Mount Vernon,"700 CALVERT ST
Baltimore, MD"
CENTRAL STATION,Mid-Town Belvedere,"1001 CHARLES ST
Baltimore, MD"
CERIELLO FINE FOODS,Chinquapin Park-Belvedere,"529 BELVEDERE AVE
Baltimore, MD"
CHAMPAGNE TONY'S,Mid-Town Belvedere,"1 CHASE ST
Baltimore, MD"
"CHARLES & MADISON, LLC",Mount Vernon,"801 CHARLES ST
Baltimore, MD"
CHARLES RESTAURANT  &  CARRYOUT,Charles Village,"38 25TH ST
Baltimore, MD"
CHARLES ST DELI,Downtown,"2 charles st
Baltimore, MD"
CHARLES VILLAGE PUB,Charles Village,"3107 ST PAUL ST
Baltimore, MD"
CHARLESTON,Inner Harbor,"1000 LANCASTER ST
Baltimore, MD"
CHARLIE & DEE RESTAURANT,Washington Village,"1539 BUSH ST
Baltimore, MD"
CHARLOTTE'S,Riverside,"1542 LIGHT ST
Baltimore, MD"
CHARM CITY INN,Greektown,"500 LEHIGH ST
Baltimore, MD"
CHAZZ &  REN'E,Canton,"800 KENWOOD AVE
Baltimore, MD"
CHEERLEADERS,Fells Point,"702 BROADWAY
Baltimore, MD"
CHEERLEADERS SPORTS BAR,Fells Point,"702 BROADWAY ST
Baltimore, MD"
CHEF PAOLINO,Inner Harbor,"100 CHARLES ST
Baltimore, MD"
CHESAPEAKE BAY RESTAURANT,Johns Hopkins Homewood,"10 ART MUSEUM DR
Baltimore, MD"
CHESAPEAKE WINE COMPANY,Canton,"2400 BOSTON ST
Baltimore, MD"
CHIAPPARELLI'S RESTAURANT,Little Italy,"237 HIGH ST
Baltimore, MD"
CHIC & TROUT (1007-09),Johnston Square,"1007 GREENMOUNT AVE
Baltimore, MD"
CHICKEN RICO,Brewers Hill,"3728 EASTERN AVE
Baltimore, MD"
CHIMES CAFÂ,Seton Business Park,"4814 SETON DR
Baltimore, MD"
CHINA CHEF,Baltimore Highlands,"3816 LOMBARD ST
Baltimore, MD"
CHINA EAST,Joseph Lee,"6230 EASTERN AVE
Baltimore, MD"
CHINA EUTAW EXPRESS,Downtown,"236 238 N EUTAW ST
Baltimore, MD"
CHINA GARDEN,Oldtown,"582 OLD TOWN MALL
Baltimore, MD"
CHINA WOK,Loch Raven,"5820 HILLEN RD
Baltimore, MD"
CHINATOWN CAFÂ,Downtown,"323 PARK AVE
Baltimore, MD"
CHINESE DELIGHT,Hampden,"4032 FALLS RD
Baltimore, MD"
CHIPOTLE,Inner Harbor,"621 PRATT ST
Baltimore, MD"
CHIPOTLE MEXICAN GRILL,Charles Village,"3201 ST PAUL ST
Baltimore, MD"
CHIU'S SUSHI JAPANESE RESTAURANT,Inner Harbor,"608 EXETER ST
Baltimore, MD"
CHIYO SUSHI,Mount Washington,"1619 SULGRAVE AVE
Baltimore, MD"
CHOCOLATEA,Tuscany-Canterbury,"3811 CANTERBURY RD
Baltimore, MD"
CHOPPER'S TAVERN,Upton,"1531 PENNSYLVANIA AVE
Baltimore, MD"
CHOW  MEIN CHARLIES  chinese food,Roland Park,"508 COLD SPRING LN
Baltimore, MD"
CHRIS LIQUOR & GRILL,Washington Village,"1273 washington blvd
Baltimore, MD"
CHUBBIES CLUB,Fells Point,"2000 EASTERN AVE
Baltimore, MD"
CHUCK'S,Canton,"3137 EASTERN AVE
Baltimore, MD"
CHUNG MEE RESTAURANT,Woodbourne Heights,"5646 THE
Baltimore, MD"
CIAO BELLA RESTAURANT,Little Italy,"236 HIGH ST
Baltimore, MD"
CINCO DE MAYO,Little Italy,"1312 EASTERN AVE
Baltimore, MD"
CINGHIALE,Inner Harbor,"822 LANCASTER ST
Baltimore, MD"
CIRCUS BAR & RESTAURANT,Downtown,"427 BALTIMORE ST
Baltimore, MD"
CITY LIMITS SPORTS BAR,Locust Point,"1700 FORT AVE
Baltimore, MD"
claddagh pub,Canton,"2918 O DONNELL ST
Baltimore, MD"
CLASSIC CAFE EXPRESS,Mid-Town Belvedere,"1515 CHARLES ST
Baltimore, MD"
CLAYTON FINE BOOKS & CAFÂ,Downtown,"317 CHARLES ST
Baltimore, MD"
CLIFTON PARK GOLF COURSE SNACK BAR,Darley Park,"2701 ST LO DR
Baltimore, MD"
CLIPPER MILL INN,Hampden,"1619 UNION AVE
Baltimore, MD"
CLUB 1722,Charles North,"1722 CHARLES ST
Baltimore, MD"
CLUB BAR,Sandtown-Winchester,"1609 LAURENS ST
Baltimore, MD"
CLUB BUNNS (606-08),Seton Hill,"606 LEXINGTON ST
Baltimore, MD"
club charles zodiac     (1724-1726 n. charles st),Charles North,"1724 CHARLES ST
Baltimore, MD"
CLUB CHOICES,Charles North,"1817 CHARLES ST
Baltimore, MD"
CLUB CLIMAX,Shipley Hill,"2432 BALTIMORE ST
Baltimore, MD"
CLUB CONFETTI,Fells Point,"1609 BANK ST
Baltimore, MD"
CLUB HAREM,Downtown,"425 BALTIMORE ST
Baltimore, MD"
CLUB HOUSE BAR & GRILL,Orangeville Industrial Area,"4217 ERDMAN AVE
Baltimore, MD"
CLUB HUSH,Carrollton Ridge,"1930 LOMBARD ST
Baltimore, MD"
CLUB INTERNATIONAL,Shipley Hill,"2301 BALTIMORE ST
Baltimore, MD"
CLUB LUZERENE,McElderry Park,"542 LUZERNE AVE
Baltimore, MD"
CLUB MATE,Brooklyn,"3610 HANOVER ST
Baltimore, MD"
CLUB MIAMI,Downtown,"414 BALTIMORE ST
Baltimore, MD"
CLUB MITCHELL,Jonestown,"1003 PRATT ST
Baltimore, MD"
CLUB OKAPI,Carrollton Ridge,"2219 PRATT ST
Baltimore, MD"
CLUB ONE,Downtown,"300 SARATOGA ST
Baltimore, MD"
CLUB PHOENIX,Mid-Town Belvedere,"1 BIDDLE ST
Baltimore, MD"
CLUB PUSSYCAT,Downtown,"411 BALTIMORE ST
Baltimore, MD"
CLUB RIO & TOUCH OF CLASS,Winchester,"1315 Bloomingdale Dr
Baltimore, MD"
CLUBHOUSE BAR,Carrollton Ridge,"1812 PRATT ST
Baltimore, MD"
CLUBHOUSE BAR & GRILL,Orangeville Industrial Area,"4217 ERDMAN AVE
Baltimore, MD"
COACH HOUSE INN,Cedmont,"6605 BELAIR RD
Baltimore, MD"
COCKY LOU'S,Broadway East,"2101 NORTH AVE
Baltimore, MD"
COCO MOKA CAFÂ,Riverside,"921 FORT AVE
Baltimore, MD"
COCONUT CAFÂ,Mount Vernon,"311 MADISON ST
Baltimore, MD"
COFFEE LAND,Downtown,"222 CHARLES ST
Baltimore, MD"
COLD STONE CREAMERY #1479,Canton,"2500 BOSTON ST
Baltimore, MD"
COLD STONE CREAMERY# 102,Canton,"2500 BOSTON ST
Baltimore, MD"
COLLINS CORNER,Westport,"2231 CEDLEY ST
Baltimore, MD"
COLONIAL INN,Fells Point,"2001 EASTERN AVE
Baltimore, MD"
COMMON GROUND,Hampden,"819 36TH ST
Baltimore, MD"
COOKIE'S  CITY  LINE  DINER,Hawkins Point,"6407 FORT SMALLWOOD RD
Baltimore, MD"
COOPER'S LIQUOR (568-570),Oldtown,"568 OLD TOWN MALL
Baltimore, MD"
COPRA,Downtown,"313 CHARLES ST
Baltimore, MD"
CORKS,Federal Hill,"1026 CHARLES ST
Baltimore, MD"
CORKY'S GRILL,Remington,"225 23RD ST
Baltimore, MD"
CORRADO'S CAFÂ,Downtown,"203 REDWOOD ST
Baltimore, MD"
"COSI, INC. # 157",Inner Harbor,"100 CHARLES ST
Baltimore, MD"
COSMOPOLITAN BAR & GRILL,Canton,"2933 O DONNELL ST
Baltimore, MD"
COSMOS RESTAURANT-CARRYOUT (5427-29),Harford-Echodale/Perring Parkway,"5427 HARFORD RD
Baltimore, MD"
COTTON CLUB,Midtown-Edmondson,"2000 HARLEM AVE
Baltimore, MD"
courthouse east cafâ€š',Downtown,"111 calvert st
Baltimore, MD"
COURTYARD BY MARRIOTT & COURTYARD CAFE & LOUNGE,Inner Harbor,"1000 ALICEANNA ST
Baltimore, MD"
crazy johns,Downtown,"410 BALTIMORE ST
Baltimore, MD"
CRAZY LIL'S,Federal Hill,"27 CROSS ST
Baltimore, MD"
CREATIVE ALLIANCE,Canton,"3134 EASTERN AVE
Baltimore, MD"
CREPE DU JOUR,Mount Washington,"1609 SULGRAVE AVE
Baltimore, MD"
CROSSROADS SPORTS PUB & GRILL,Canton,"3328 FOSTER AVE
Baltimore, MD"
CURB SHOPPE,North Roland Park/Poplar Hill,"5736 FALLS RD
Baltimore, MD"
CURLEY ST.  CAFÂ,Canton,"701 CURLEY ST
Baltimore, MD"
CURTIS BAY ATHLETIC CLUB,Curtis Bay,"1603 CEDDOX ST
Baltimore, MD"
D J'S GASLIGHT,Curtis Bay,"4900 CURTIS AVE
Baltimore, MD"
DAILY  GRIND  COFFEE  HOUSE,Middle East,"720 RUTLAND AVE
Baltimore, MD"
DAILY GRIND,Canton,"1030 LINWOOD AVE
Baltimore, MD"
DAILY GRIND,Dunbar-Broadway,"610 WASHINGTON ST
Baltimore, MD"
dalesio's of little italy llc,Little Italy,"829 EASTERN AVE
Baltimore, MD"
DANCING PIGS,Washington Village,"1140 PACA ST
Baltimore, MD"
DANNY'S LOUNGE,Towanda-Grantley,"4316 REISTERSTOWN RD
Baltimore, MD"
DARBY'S,Morrell Park,"2351 WASHINGTON BLVD
Baltimore, MD"
DARKER THAN BLUE,Better Waverly,"3034 GREENMOUNT AVE
Baltimore, MD"
DASH SEAFOOD & CHICKEN,Central Park Heights,"5124 PARK HEIGHTS AVE
Baltimore, MD"
DAVEY JONES LOCKER,Brewers Hill,"800 DEAN ST
Baltimore, MD"
DAVID & DAD'S LLC,Downtown,"334 CHARLES ST
Baltimore, MD"
DAVID'S RESTAURANT & DELI,Hampden,"3626-A FALLS RD
Baltimore, MD"
DAYS INNS MANAGEMENT CO,Inner Harbor,"100 HOPKINS PLZ
Baltimore, MD"
DEAD END SALOON,Fells Point,"935 FELL ST
Baltimore, MD"
DEAD FREDDIES,North Harford Road,"7209 HARFORD RD
Baltimore, MD"
DECADES SPORTS BAR,Curtis Bay,"4221 CURTIS AVE
Baltimore, MD"
DECKERS BAR & GRILLE,Locust Point,"1401 DECATUR ST
Baltimore, MD"
DEEP SIDE RESTAURANT & CAFÂ,Baltimore-Linwood,"123 CLINTON ST
Baltimore, MD"
DEGO DAME'S,Little Italy,"1018 EASTERN AVE
Baltimore, MD"
DELLA ROSE'S 2 CANTON CROSSING,Canton Industrial Area,"1501 CLINTON ST
Baltimore, MD"
DESERT CAFE'(1605-07),Mount Washington,"1607 SULGRAVE AVE
Baltimore, MD"
DESERT INN,Midtown-Edmondson,"1901 HARLEM AVE
Baltimore, MD"
DIAMOND LOUNGE   (415 1/2 E. BALTIMORE STREET),Downtown,"415 BALTIMORE ST
Baltimore, MD"
DIANNE'S RESTAURANT LOUNGE,Middle East,"709 711 N CHESTER ST
Baltimore, MD"
DILONE GROCERY & RESTAURANT,Baltimore-Linwood,"157 LAKEWOOD AVE
Baltimore, MD"
"DIMIS CAFÂ AND GRILL, INC.",Roland Park,"500 COLDSPRING LN
Baltimore, MD"
DIMITRI'S TAVERN,Hampden,"3820 FALLS RD
Baltimore, MD"
DING HOW RESTAURANT,Fells Point,"631 BROADWAY
Baltimore, MD"
DIONYSUS RESTAURANT & LOUNGE,Mid-Town Belvedere,"8 PRESTON ST
Baltimore, MD"
DIZZY  IZZY,Remington,"300 30TH ST
Baltimore, MD"
DOMINICANO INTERNACIONAL,Brewers Hill,"601 CONKLING ST
Baltimore, MD"
DOMINO SUGAR CAFATERIA OPERATION # 65227,Riverside,"1100 KEY HWY
Baltimore, MD"
DONNA'S,Inner Harbor,"110 PACA ST
Baltimore, MD"
DONNA'S,Holabird Industrial Park,"6607 PINE AVE
Baltimore, MD"
DONNA'S,Mount Vernon,"800 CHARLES ST
Baltimore, MD"
"DONNA'S CHARLES VILLAGE, LLC",Charles Village,"3101 ST PAUL ST
Baltimore, MD"
DONNA'S CROSS KEYS,Cross Keys,"5100 FALLS RD
Baltimore, MD"
DONRITZ BAR & GRILL,Franklin Square,"1508 SARATOGA ST
Baltimore, MD"
DOUGHERTY'S,Mid-Town Belvedere,"223 CHASE ST
Baltimore, MD"
DOWN THE HATCH,Locust Point,"1157 HAUBERT ST
Baltimore, MD"
DOWNTOWN SPORTS EXCHANGE,Inner Harbor,"200 PRATT ST
Baltimore, MD"
"DREAM TAVERN, CARRIBEAN  U.S.A.",Broadway East,"2300 LAFAYETTE AVE
Baltimore, MD"
DREAMS INN,Brooklyn,"527 PATAPSCO AVE
Baltimore, MD"
DRIFTERS RAW BAR & GRILL,Federal Hill,"1024 CHARLES ST
Baltimore, MD"
DUCK'S BLACK SATIN LOUNGE,Central Park Heights,"4559 REISTERSTOWN RD
Baltimore, MD"
DUCKY PLEASURE CLUB,Canton,"900 CLINTON ST
Baltimore, MD"
DUCLAW BREWING COMPANY,Gay Street,"901 BOND ST
Baltimore, MD"
DUDA'S TAVERN,Fells Point,"1600 THAMES ST
Baltimore, MD"
DUKEM ETHIOPIAN RESTAURANT,Mid-Town Belvedere,"1100 MARYLAND AVE
Baltimore, MD"
DUNKIN DONUTS,Hampden,"1020 41ST ST
Baltimore, MD"
Dunkin Donuts,Orangeville,"4022 pulaski hwy
Baltimore, MD"
DUNKIN DONUTS,Cross Keys,"4535 FALLS RD
Baltimore, MD"
DUNKIN DONUTS,Homeland,"5422 YORK RD
Baltimore, MD"
DUNKIN DONUTS,Fallstaff,"7000 REISTERSTOWN RD
Baltimore, MD"
DUNKIN DONUTS & BASKIN ROBBINS,Harford-Echodale/Perring Parkway,"5401 HARFORD RD
Baltimore, MD"
DUNKIN DONUTS/BASKIN ROBBINS,Canton Industrial Area,"3600 BOSTON ST
Baltimore, MD"
DUTCH POT CAFÂ,Downtown,"102 CLAY ST
Baltimore, MD"
DYNASTY,Downtown,"406 BALTIMORE ST
Baltimore, MD"
E C CAFÂ & CATERING,Hopkins Bayview,"5501 HOPKINS BAYVIEW CIR
Baltimore, MD"
EAGLE NEST,Curtis Bay,"4800 CURTIS AVE
Baltimore, MD"
EAST BALTIMORE ENTERPRISE,Jonestown,"239 GAY ST
Baltimore, MD"
EASTERN HOUSE RESTAURANT,Highlandtown,"3706 EASTERN AVE
Baltimore, MD"
EASTSIDE  SPORTS  SOCIAL  CLUB,Broadway East,"1203 COLLINGTON AVE
Baltimore, MD"
EAT MUST BE FIRST,Seton Hill,"600 lexington st
Baltimore, MD"
ECLECTIC CAFÂ,Fells Point,"723 BROADWAY
Baltimore, MD"
edelweiss bakery & cafâ€š',Westfield,"6000 harford rd
Baltimore, MD"
EDENS LOUNGE,Mid-Town Belvedere,"15 EAGER ST
Baltimore, MD"
"EDGAR'S INC.--BALTIMORE, MD",Inner Harbor,"1 PRATT ST
Baltimore, MD"
EDIE'S DELI & GRILL,Inner Harbor,"250 PRATT ST
Baltimore, MD"
EDISON   LOUNGE,Ellwood Park/Monument,"3133 MONUMENT ST
Baltimore, MD"
EDO SUSHI,Inner Harbor,"201 PRATT ST
Baltimore, MD"
EICHENKRANZ RESTAURANT,Brewers Hill,"611 FAGLEY ST
Baltimore, MD"
EL OSASIS RESTAURANT & DISCOTEC,Brewers Hill,"3919 EASTERN AVE
Baltimore, MD"
EL RANCHO BLANCO,Baltimore Highlands,"100 FAGLEY ST
Baltimore, MD"
EL RANCHO GRANDE,Hampden,"3608 FALLS RD
Baltimore, MD"
"EL RECODO, INC.",Fells Point,"219 BROADWAY
Baltimore, MD"
EL RINCONCITO PERUANO,Washington Hill,"1801 LOMBARD ST
Baltimore, MD"
EL TORITO MEXICAN RESTAURANT,Downtown,"110 MULBERRY ST
Baltimore, MD"
EL TROPICAL RESTAURANT (3736-38),Baltimore Highlands,"3736 LOMBARD ST
Baltimore, MD"
ELDORADO INC.,Kresson,"4100 LOMBARD ST
Baltimore, MD"
ELKS I.B.P.O.E.OF W.,Johnston Square,"1127 GREENMOUNT AVE
Baltimore, MD"
ELLIOT'S POUR HOUSE,Brewers Hill,"3728 HUDSON ST
Baltimore, MD"
EL-MOLINO,Baltimore-Linwood,"3230 FAIRMOUNT ST
Baltimore, MD"
ELVIS RESTAURANT,Federal Hill,"1022 LIGHT ST
Baltimore, MD"
ENRICO'S SPORTS CAFE,Highlandtown,"200 HAVEN ST
Baltimore, MD"
ESPN  ZONE,Inner Harbor,"601 PRATT ST
Baltimore, MD"
europe restaurant & catering,Reisterstown Station,"4147 labyrinth rd
Baltimore, MD"
EVERYDAY'S LLC,Coldstream Homestead Montebello,"1600 ABBOTTSON ST
Baltimore, MD"
EXCLUSIVE,Mid-Town Belvedere,"1 CHASE ST
Baltimore, MD"
family diner,Fairfield Area,"3117 VERA ST
Baltimore, MD"
FAMOUS RESTAURANT,Charles North,"2101 MARYLAND AVE
Baltimore, MD"
FANTASIES,Curtis Bay,"5520 PENNINGTON AVE
Baltimore, MD"
FANTASY CAFÂ,Holabird Industrial Park,"6640 HOLABIRD AVE
Baltimore, MD"
FEDERAL HILL LOUNGE,Federal Hill,"23 CROSS ST
Baltimore, MD"
FELL'S POINT CARRYOUT,Fells Point,"1635 FLEET ST
Baltimore, MD"
FIELDER'S TAVERN,Washington Village,"1184 NANTICOKE ST
Baltimore, MD"
FIELDS OLD TRAIL,Mid-Govans,"5723 YORK RD
Baltimore, MD"
FIELDS RIB HOUSE,Central Forest Park,"3308 GARRISON BLVD
Baltimore, MD"
FILLIN' STATION,Morrell Park,"2501 WASHINGTON BLVD
Baltimore, MD"
FIRESIDE NORTH LIQUORS,Coppin Heights/Ash-Co-East,"2201 NORTH AVE
Baltimore, MD"
FISHERMANS WHARF INNER HARBOR,Inner Harbor,"219 PRESIDENT ST
Baltimore, MD"
FIVE GUYS @ BREWERS HILL,Canton Industrial Area,"3600 BOSTON ST
Baltimore, MD"
FIVE GUYS FAMOUS BURGERS & FRIES,Mount Vernon,"111 CENTRE ST
Baltimore, MD"
FIVE GUYS FAMOUS BURGERS & FRIES,Inner Harbor,"201 PRATT ST
Baltimore, MD"
FIVE POINT TAVERN,Fells Point,"1800 THAMES ST
Baltimore, MD"
FIVE SEASONS,Mount Vernon,"830 GUILFORD AVE
Baltimore, MD"
FLAMERS BURGER & CHICKEN,Dunbar-Broadway,"601 CAROLINE ST
Baltimore, MD"
FLAMINGO  LOUNGE,Downtown,"403 BALTIMORE ST
Baltimore, MD"
Fleming's Prime Steakhouse and Wine Bar,Inner Harbor,"720 Aliceanna st
Baltimore, MD"
FLETCHERS,Fells Point,"701 BOND ST
Baltimore, MD"
FLIP'S AT CLIPPER MILL,Hampden,"1601 UNION AVE
Baltimore, MD"
FOGO DE CHAO,Inner Harbor,"600 PRATT ST
Baltimore, MD"
FOODTOPIA,Downtown,"17 BALTIMORE ST
Baltimore, MD"
FORT CHARLES PUB,SBIC,"1439 CHARLES ST
Baltimore, MD"
FOUL BALL BAR,Washington Village,"839 CROSS ST
Baltimore, MD"
FOUR G'S LIQUOR & LOUNGE,Howard Park,"4701 3 LIBERTY HEIGHTS AVE
Baltimore, MD"
FOXY LADY,Downtown,"16 CUSTOM HOUSE AVE
Baltimore, MD"
FRANKLINTOWN INN,Franklintown,"5200 FRANKLINTOWN RD
Baltimore, MD"
FRANK'S PIZZA,Rosemont East,"6620 BELAIR RD
Baltimore, MD"
fraternal order of police baltimore city lodge #3,Hampden,"3920 buena vista ave
Baltimore, MD"
FRAZIER'S ON THE AVENUE,Hampden,"919 36TH ST
Baltimore, MD"
FRED & MARGIE'S INN,Curtis Bay,"3605 FAIRHAVEN AVE
Baltimore, MD"
FREDERICK STATION SALOON,Irvington,"4019 FREDERICK AVE
Baltimore, MD"
FRIENDLY  FRIED  CHICKEN,Abell,"3221 GREENMOUNT AVE
Baltimore, MD"
FRIEND'S RESTAURANT AND SPIRITS,Fells Point,"1634 ALICEANNA ST
Baltimore, MD"
FULL MOON SALOON,Fells Point,"1710 ALICEANNA ST
Baltimore, MD"
FULTON RESTAURANT,Penn North,"2733 PENNSLYVANIA AVE
Baltimore, MD"
FULTON RESTAURANT    (2201 1/2 FULTON AVENUE),Penn North,"2201 FULTON Ave
Baltimore, MD"
G & A RESTAURANT,Brewers Hill,"3802 EASTERN AVE
Baltimore, MD"
GAFFNEY'S BACK FIN ( seasonal),Highlandtown,"415 HIGHLAND AVE
Baltimore, MD"
GALLAGHERS BAR & GRILL    (938-940),Brewers Hill,"938 CONKLING ST
Baltimore, MD"
GALLERY,Charles North,"1735 MARYLAND AVE
Baltimore, MD"
GALLERY CAFÂ,Mount Vernon,"13 CENTRE ST
Baltimore, MD"
GARDEN BEEF & BEER,Armistead Gardens,"4809 ERDMAN AVE
Baltimore, MD"
GARDEN RESTAURANT,Riverside,"1501 LIGHT ST
Baltimore, MD"
GECKOS,Canton,"2318 FLEET ST
Baltimore, MD"
GENJI SUSHI EXPRESS   (A.K.A. 600 S EXETER ST),Inner Harbor,"1001 FLEET ST
Baltimore, MD"
"GEN-JOSEPH HALLER POST #95, AMERICAN LEGION, INC.",Fells Point,"1746 FLEET ST
Baltimore, MD"
GENTLEMEN OF CHARISMA,Middle East,"838 CHESTER ST
Baltimore, MD"
GEORGE'S CAFETERIA,Dundalk Marine Terminal,"2700 BROENING HWY
Baltimore, MD"
GEORGIO'S,Reisterstown Station,"6322 REISTERSTOWN RD
Baltimore, MD"
GERMANIO'S RESTAURANT,Little Italy,"300 HIGH ST
Baltimore, MD"
GIBSON'S,Butcher's Hill,"32 CHESTER ST
Baltimore, MD"
GILMOR PLEASURE CLUB,New Southwest/Mount Clare,"347 GILMOR ST
Baltimore, MD"
GINGER'S,Highlandtown,"421 CONKLING ST
Baltimore, MD"
"GLADIATORS ASSOCIATIONS, INC",Franklin Square,"1315 MULBERRY ST
Baltimore, MD"
GLASS DOOR lounge,Pleasant View Gardens,"1263 FAYETTE ST
Baltimore, MD"
GOLDEN KEY RESTAURANT,Glenham-Belford,"5512 HARFORD RD
Baltimore, MD"
GOLDEN NUGGET,Downtown,"411 BALTIMORE ST
Baltimore, MD"
GOLDEN NUGGET LOUNGE,Downtown,"411 1 2 E BALTIMORE ST
Baltimore, MD"
"GOLDEN WEST CAFÂ, INC.",Hampden,"1105 36TH ST
Baltimore, MD"
GOOD TIMES BAR AND LOUNGE,Franklin Square,"1600 BALTIMORE ST
Baltimore, MD"
GORDON'S,Charles North,"1818 MARYLAND AVE
Baltimore, MD"
GOSSIP BISTRO,Downtown,"21 CALVERT ST
Baltimore, MD"
GRAND CRU,Chinquapin Park-Belvedere,"527 BELVEDERE AVE
Baltimore, MD"
GRANDVIEW RESTAURANT,Hampden,"3838 ROLAND AVE
Baltimore, MD"
GRANITE,Canton,"2903 O DONNELL ST
Baltimore, MD"
GRANT'S 2 SPOT,Penrose/Fayette Street Outreach,"2 WHEELER AVE
Baltimore, MD"
GREAT TASTE CHINESE  RESTAURANT,Saint Agnes,"3444 WILKENS AVE
Baltimore, MD"
GREENE ST CAFÂ,Seton Hill,"300 GREENE ST
Baltimore, MD"
GREENHOUSE CAFÂ,Middle East,"725 WOLFE ST
Baltimore, MD"
GREENMOUNT LOUNGE,Johnston Square,"1318 GREENMOUNT AVE
Baltimore, MD"
GRENADIER CLUB,Upton,"1226 MC CULLOH ST
Baltimore, MD"
GRIFFITH'S,Hampden,"3631 HICKORY ave
Baltimore, MD"
GRILL ART,Hampden,"1011 36TH ST
Baltimore, MD"
GRILLE 601,Dunbar-Broadway,"601 CAROLINE ST
Baltimore, MD"
GROWLERS PUB,Canton,"600 POTOMAC ST
Baltimore, MD"
GROWN FOLKS BAR,Brooklyn,"3525 HANOVER ST
Baltimore, MD"
GRUMPIE'S,Federal Hill,"25 CROSS ST
Baltimore, MD"
GRUNDY'S,Brewers Hill,"718 GRUNDY ST
Baltimore, MD"
"GRUNWALD CLUB, INCORPORATED",Canton,"2825 O DONNELL ST
Baltimore, MD"
JAUNG KAK RESTURANT(aka 18 W.20TH ST),Charles North,"18 20th ST
Baltimore, MD"
JAVA JOE'S,Downtown,"8 BALTIMORE ST
Baltimore, MD"
"JAY & KAY SUBWAY, INC.",Charles Village,"37 25TH ST
Baltimore, MD"
JAY'S ON READ,Mount Vernon,"225 READ ST
Baltimore, MD"
JAY'S WOLFE ST CAFÂ,Dunbar-Broadway,"610 WOLFE ST
Baltimore, MD"
JAZZY BLUES CLUB,Upper Fells Point,"301 ANN ST
Baltimore, MD"
"JD's SMOKEHOUSE BAR & GRILL, INC.",Canton,"3000 O DONNELL ST
Baltimore, MD"
JEMELLA 'S CUT RATE,Sandtown-Winchester,"1831 MOSHER ST
Baltimore, MD"
JERRY'S BAR,Mosher,"604 POPLAR GROVE ST
Baltimore, MD"
JEWEL BOX LOUNGE,Downtown,"419 BALTIMORE ST
Baltimore, MD"
JHJ SALOON,Fells Point,"2036 EASTERN AVE
Baltimore, MD"
JIGGS TAVERN,Washington Village,"737 CARROLL ST
Baltimore, MD"
JIM DANDY'S TAVERN,Curtis Bay,"4810 CURTIS AVE
Baltimore, MD"
JIMMY'S RESTAURANT,Fells Point,"801 BROADWAY
Baltimore, MD"
JIM'S DINER,Canton Industrial Area,"4806 HOLABIRD AVE
Baltimore, MD"
JOCKEY CLUB/PALACE KITCHEN,Pimlico Good Neighbors,"Hayward Ave
Baltimore, MD"
JOE SQUARED PIZZA AND BAR,Charles North,"133 NORTH AVE
Baltimore, MD"
JOE'S TAVERN,Graceland Park,"1006 DUNDALK AVE
Baltimore, MD"
JOE'S TAVERN,Morrell Park,"2709 11 WASHINGTON BLVD
Baltimore, MD"
JOE'S TAVERN & PACKAGE GOODS,Glen,"6200 REISTERSTOWN RD
Baltimore, MD"
JOHN'S LOUNGE,Sandtown-Winchester,"1519 RIGGS AVE
Baltimore, MD"
JOY DELI,Downtown,"24 FAYETTE ST
Baltimore, MD"
JP'S,Canton,"528 BOULDIN ST
Baltimore, MD"
JR.'S BAR & GRILL,Locust Point,"1229 HULL ST
Baltimore, MD"
JUNIORS,Federal Hill,"1117 CHARLES ST
Baltimore, MD"
K.F.C.,Gay Street,"901 CAROLINE ST
Baltimore, MD"
KABOBBI RESTAURANT,Fells Point,"1616 THAMES ST
Baltimore, MD"
KALI'S COURT,Fells Point,"1606 THAMES ST
Baltimore, MD"
POSITIONS UNLIMITED,Downtown,"14 CUSTOM HOUSE AVE
Baltimore, MD"
POTBELLY SANDWICH WORK'S,Inner Harbor,"621 PRATT ST
Baltimore, MD"
PRIMO'S,Loyola/Notre Dame,"100 COLDSPRING LN
Baltimore, MD"
PULASKI FOOD SERVICE,Ellwood Park/Monument,"3505 PULASKI HWY
Baltimore, MD"
PUR LOUNGE,Canton,"2322 BOSTON ST
Baltimore, MD"
PURPLE GOOSE,Morrell Park,"2623 WASHINGTON BLVD
Baltimore, MD"
"q s r,inc  - Mcdonald's",Hillen,"1600 argonne dr
Baltimore, MD"
"qsr, inc.- McDonalds",Charles North,"15 north ave
Baltimore, MD"
"QSR, INC. MCDONALD'S)",Moravia-Walther,"4635 HARFORD rd
Baltimore, MD"
QUIGLEY 1/2 IRISH PUB,Ridgely's Delight,"633 PORTLAND AVE
Baltimore, MD"
QUINOS,Riverside,"1465 KEY HIGHWAY
Baltimore, MD"
QUIZINOS OF FALLS road,Inner Harbor,"100 CHARLES ST
Baltimore, MD"
QUIZNOS,Canton,"2837 O DONNELL ST
Baltimore, MD"
QUIZNO'S,Downtown,"10 CALVERT ST
Baltimore, MD"
QUIZNO'S,Mid-Town Belvedere,"201 CHASE ST
Baltimore, MD"
QUIZNOS OF FELLS POINT,Fells Point,"716 BROADWAY
Baltimore, MD"
QUO VADIS DEMOCRATIC CLUB,Fells Point,"1921 FLEET ST
Baltimore, MD"
RA SUSHI,Fells Point,"701 EDEN ST
Baltimore, MD"
RADISSON CROSS KEYS HOTEL,Cross Keys,"5050 FALLS RD
Baltimore, MD"
RADISSON HOTEL AT CROSS KEYS,Cross Keys,"5102 FALLS RD
Baltimore, MD"
RAFTERS,Riverside,"620 FORT AVE
Baltimore, MD"
RAINBOW HOMESTYLE BUFFET,Frankford,"5016 SINCLAIR LN
Baltimore, MD"
RAINBOW'S  BAR,Washington Village,"1175 SARGEANT ST
Baltimore, MD"
RALLO'S RESTAURANT,Riverside,"838 FORT Ave
Baltimore, MD"
RAMS HEAD TAVERN,Downtown,"20 MARKET PL
Baltimore, MD"
RANDY'S BAR,Broadway East,"2135 NORTH AVE
Baltimore, MD"
RAS-A-TER INTERNATIONAL,Easterwood,"2103 NORTH AVE
Baltimore, MD"
RASCALS COMEDY CLUB,Downtown,"6 MARKET PL
Baltimore, MD"
RAVE  INN,Curtis Bay,"4507 PENNINGTON AVE
Baltimore, MD"
RAY LEWIS' FULL MOON B-B-Q,Canton,"2400 BOSTON ST
Baltimore, MD"
RAY'S TAVERN,Saint Helena,"6500 ST HELENA AVE
Baltimore, MD"
RAYZER'S,SBIC,"13 RANDALL ST
Baltimore, MD"
RED DOOR LOUNGE,Bridgeview/Greenlawn,"1000 PAYSON ST
Baltimore, MD"
RED FISH,Canton,"845 MONTFORD AVE
Baltimore, MD"
RED FOX LIQUORS,Penn North,"2733 PENNSYLVANIA AVE
Baltimore, MD"
RED HOUSE TAVERN INC.,Canton,"2239 ESSEX ST
Baltimore, MD"
RED LYON TAVERN,Canton,"501 DECKER AVE
Baltimore, MD"
RED MAPLE,Mount Vernon,"930 CHARLES ST
Baltimore, MD"
RED ROOSTER,Frankford,"6412 FRANKFORD AVE
Baltimore, MD"
RED SQUARE RESTAURANT,Mid-Town Belvedere,"1 CHASE ST
Baltimore, MD"
REGAN'S TAVERN,Highlandtown,"4001 EASTERN AVE
Baltimore, MD"
REGI'S BAR & RESTAURANT,Federal Hill,"1002 LIGHT ST
Baltimore, MD"
GUS RESTAURANT (3103-05),Northwest Community Action,"3103 NORTH AVE
Baltimore, MD"
GYPSIES,Baltimore Highlands,"4020 LOMBARD ST
Baltimore, MD"
H.I.S. PLACE,Canton,"2822 HUDSON ST
Baltimore, MD"
HABENERO GRILL,Greektown,"4701 EASTERN AVE
Baltimore, MD"
"HAMILTON HOMING PIGEON CLUB, INC.",Frankford,"4810 GUNTHER AVE
Baltimore, MD"
HAMPDEN REPUBLICAN CLUB,Hampden,"3535 CHESTNUT AVE
Baltimore, MD"
harbor way inn,Ridgely's Delight,"737 pratt st
Baltimore, MD"
HARBORSIDE CHICKEN & SEAFOOD,Dunbar-Broadway,"600 WOLFE ST
Baltimore, MD"
HARD ROCK CAFÂ,Inner Harbor,"601 PRATT ST
Baltimore, MD"
HARD ROCK CAFÂ-OUTDOOR PIER,Inner Harbor,"601 PRATT ST
Baltimore, MD"
HARFORD HOUSE,North Harford Road,"7509 HARFORD RD
Baltimore, MD"
"HARFORD ROAD GROUP, LLC",Glenham-Belford,"5516 HARFORD RD
Baltimore, MD"
HARFORD ROAD LIQUORS,Lauraville,"4627 HARFORD RD
Baltimore, MD"
HARRAR CAFÂ,Washington Village,"821 WASHINGTON BLVD
Baltimore, MD"
MIDWAY BAR,Downtown,"421 BALTIMORE ST
Baltimore, MD"
MIKE MCGOVERN'S,Canton,"1129 CLINTON ST
Baltimore, MD"
MIKE'S PLACE,Hampden,"1102 36TH ST
Baltimore, MD"
MILTON AT CHARLES ST,Downtown,"336 CHARLES ST
Baltimore, MD"
MINATO RESTAURANT,Mid-Town Belvedere,"1013 CHARLES ST
Baltimore, MD"
MINATO/CAFE VIET RESTAURANT,Mount Vernon,"800 CHARLES ST
Baltimore, MD"
MISS SHIRLEY'S CAFÂ,Roland Park,"513 COLDSPRING LN
Baltimore, MD"
MOM'S PLACE,Washington Village,"1201 CROSS ST
Baltimore, MD"
MONDO BONDO ITALIAN BISTRO,Downtown,"30 MARKET PL
Baltimore, MD"
MONUMENT HOUSE,Milton-Montford,"2300 MONUMENT ST
Baltimore, MD"
MORGAN STATE-FACULTY,Stonewood-Pentwood-Winston,"1700 coldspring ln
Baltimore, MD"
MORTON'S--THE  STEAKHOUSE,Inner Harbor,"300 CHARLES ST
Baltimore, MD"
MO'S CRAB & PASTA FACTORY,Inner Harbor,"502 ALBEMARLE ST
Baltimore, MD"
MOTHER'S  FEDERAL  HILL  GRILL,Federal Hill,"1113 CHARLES ST
Baltimore, MD"
"MOUNT VERNON CLUB OF BALTIMORE, INC.",Mount Vernon,"8 MOUNT VERNON PL
Baltimore, MD"
MOUNT VERNON STABLE & SALOON,Mount Vernon,"909 CHARLES ST
Baltimore, MD"
MOUSE TRAP,Downtown,"12 CUSTOM HOUSE AVE
Baltimore, MD"
MR. C. PLACE,Washington Village,"1001 CAREY ST
Baltimore, MD"
MR. JOE'S BAR AND CUT RATE LIQUORS,Baltimore-Linwood,"1 HIGHLAND AVE
Baltimore, MD"
MT VERNON ENTERTAINMENT LLC,Downtown,"347 CALVERT ST
Baltimore, MD"
MT. PLEASANT INN,Baltimore Highlands,"105 CONKLING ST
Baltimore, MD"
MT. ROYAL TAVERN,Mid-Town Belvedere,"1204 MOUNT ROYAL AVE
Baltimore, MD"
MT. VERNON  HOTEL AND WASHINGTON CAFE',Mount Vernon,"24 FRANKLIN ST
Baltimore, MD"
MT. WASHINGTON TAVERN,Mount Washington,"5700 NEWBURY ST
Baltimore, MD"
MUGGSY'S,Federal Hill,"1236 LIGHT ST
Baltimore, MD"
MUGHAL GARDEN,Mount Vernon,"918 CHARLES ST
Baltimore, MD"
MUIR'S TAVERN,SBIC,"36 FORT AVE
Baltimore, MD"
MUM'S,Sharp-Leadenhall,"1132 HANOVER ST
Baltimore, MD"
MURPHY'S NEIGHBORHOOD BAR & GRILL,Mid-Govans,"5847 YORK RD
Baltimore, MD"
MUSTANG ALLEY'S,Little Italy,"1300 BANK ST
Baltimore, MD"
MUSTANG INN,Highlandtown,"3203 EASTERN AVE
Baltimore, MD"
MVP ENTERTAINMENT LLC CLUB 347-KITCHEN AREA,Downtown,"347 CALVERT ST
Baltimore, MD"
"MY COUSIN'S PLACE, LLC (3925-27)",Baltimore Highlands,"3925 LOMBARD ST
Baltimore, MD"
MY PANINI,Inner Harbor,"711 EASTERN AVE
Baltimore, MD"
MY THAI RESTAURANT,Mount Vernon,"800 CHARLES ST
Baltimore, MD"
NAK WON RESTAURANT,Charles North,"12 20TH ST
Baltimore, MD"
NAM KANG KOREAN RESTAURANT   (AKA 101 W. 22ND ST.),Charles North,"2126 MARYLAND AVE
Baltimore, MD"
NASU BLANCA,Riverside,"1036 FORT AVE
Baltimore, MD"
NCDEVINS,Canton,"801 DECKER AVE
Baltimore, MD"
NELSON BAKED GOODS & COFFEE SHOP,Middle East,"531 CHESTER ST
Baltimore, MD"
NEOPOL,Chinquapin Park-Belvedere,"529 BELVEDERE AVE
Baltimore, MD"
network deli,Woodberry,"3600 malden ave
Baltimore, MD"
NEVER ON SUNDAY,Mount Vernon,"829 CHARLES ST
Baltimore, MD"
NEVIN'S  CROSS  STREET STATION,Federal Hill,"31 CROSS ST
Baltimore, MD"
NEW CLUB THUNDERBIRD INC.,Middle East,"2201 CHASE ST
Baltimore, MD"
NEW DUFFY' S RESTAURANT,Irvington,"3436 FREDERICK AVE
Baltimore, MD"
NEW EVERGREEN CAFÂ,Reisterstown Station,"6618 C REISTERSTOWN RD
Baltimore, MD"
"NEW HONG  KONG RESTAURANT, INC.",Charles Village,"2426 CHARLES ST
Baltimore, MD"
NEW JOHNSON'S LOUNGE,Midtown-Edmondson,"546 PULASKI ST
Baltimore, MD"
"NEW MAY FLOWER BUFFET, INC.",Oakenshawe,"3326 GREENMOUNT AVE
Baltimore, MD"
"NEW MAYFIELD, INC.",Belair-Edison,"3349 BELAIR RD
Baltimore, MD"
NEW MOM & DAD LIQUORS,Sandtown-Winchester,"2143 PENNSYLVANIA AVE
Baltimore, MD"
NEW NO  DO  JI  RESTAURANT,Charles Village,"2501 CHARLES ST
Baltimore, MD"
HARRIS' TAVERN,Gwynns Falls,"2949 FREDERICK AVE
Baltimore, MD"
"HARRY OLIVER MANAGEMENT CO., INC.",Fells Point,"801 ANN ST
Baltimore, MD"
HARRY'S AMERICAN BAR,Canton,"623 LUZERNE AVE
Baltimore, MD"
HARVEST TABLE,Locust Point Industrial Area,"1000 HULL ST
Baltimore, MD"
HAVE A NICE DAY CAFÂ  (AKA 2 MARKET PLACE),Downtown,"34 MARKET PL
Baltimore, MD"
HAVEN PLACE,Baltimore Highlands,"400 HAVEN ST
Baltimore, MD"
hawley's  (2616-20),Morrell Park,"2616 WASHINGTON blvd
Baltimore, MD"
HEATH STREET PUB,SBIC,"32 HEATH ST
Baltimore, MD"
"HEIGHTS LIQUORS, INC.",Arlington,"5302 PARK HEIGHTS AVE
Baltimore, MD"
HELEN'S GARDEN  CAFE',Canton,"2908 O DONNELL ST
Baltimore, MD"
HELLAS COFFEE SHOP,Greektown,"4709 EASTERN AVE
Baltimore, MD"
HENNINGER'S TAVERN,Upper Fells Point,"1810 BANK ST
Baltimore, MD"
"HIDING SPOT, INC.",Brooklyn,"3638 HANOVER ST
Baltimore, MD"
"HIGH GROUNDS COFFEE ROASTERS, LLC",Highlandtown,"3201 EASTERN AVE
Baltimore, MD"
HIGHLAND CLIPPER CLUB,Brewers Hill,"621 DEAN ST
Baltimore, MD"
HILLEN RESTAURANT,Penn-Fallsway,"1041 HILLEN ST
Baltimore, MD"
HIPPOPOTAMUS (932-34),Mount Vernon,"932 CHARLES ST
Baltimore, MD"
HOGAN'S ALLEY,Riverside,"1501 COVINGTON ST
Baltimore, MD"
HOLIDAY HOUSE,Westfield,"6427 HARFORD RD
Baltimore, MD"
HOLIDAY INN-INNER HARBOR,Inner Harbor,"301 LOMBARD ST
Baltimore, MD"
HOLIDAY RESTAURANT,Brooklyn,"3570 HANOVER ST
Baltimore, MD"
HOLLINS STREET PUB,Hollins Market,"1214 HOLLINS STREET
Baltimore, MD"
HOLLINSWOOD INN,Lakeland,"2839 ANNAPOLIS RD
Baltimore, MD"
HOLLYWOOD DINER,Downtown,"400 SARATOGA ST
Baltimore, MD"
HOLY FRIJOLES,Hampden,"908 36TH ST
Baltimore, MD"
HOMETOWN DELI,Downtown,"311 CALVERT ST
Baltimore, MD"
HOMETOWN GIRL & COMPANY,Hampden,"1001 36TH ST
Baltimore, MD"
HONEY'S LOUNGE,Upper Fells Point,"1722 GOUGH ST
Baltimore, MD"
HOOTERS OF AMERICA,Inner Harbor,"301 LIGHT ST
Baltimore, MD"
HOPKINS DELI,Tuscany-Canterbury,"110 39TH ST
Baltimore, MD"
HOPKINS PLAZA DELI,Downtown,"Hopkins Pl
Baltimore, MD"
HOPKINS SUBWAY,Charles Village,"3233 ST PAUL ST
Baltimore, MD"
HORSEFEATHER'S PUB,Baltimore-Linwood,"40 STREEPER ST
Baltimore, MD"
HOT TOMATOES-CAFÂ FORTUNATO,Fells Point,"717 BROADWAY
Baltimore, MD"
HOULIHANS OF MARYLAND,Inner Harbor,"621 PRATT ST
Baltimore, MD"
HOWL AT THE MOON  (AKA 22 MARKET PL),Downtown,"34 MARKET PL
Baltimore, MD"
HUCKAS,Canton,"2324 BOSTON ST
Baltimore, MD"
HULL STREET BLUES,Locust Point,"1222 HULL ST
Baltimore, MD"
HUNAN EMPIRE,Riverside,"849 FORT AVE
Baltimore, MD"
HYATT REGENCY BALTIMORE      (PISCES & BAR),Inner Harbor,"300 LIGHT ST
Baltimore, MD"
HYATT REGENCY BALTIMORE    (Perks -LOBBY BAR),Inner Harbor,"300 LIGHT ST
Baltimore, MD"
HYATT REGENCY BALTIMORE   (CAFETERIA),Inner Harbor,"300 LIGHT ST
Baltimore, MD"
HYATT REGENCY BALTIMORE  (KITCHEN/BANQUET ROOM),Inner Harbor,"300 LIGHT ST
Baltimore, MD"
HYATT REGENCY OF BALTIMORE  (Bistro-300 & Bar),Inner Harbor,"300 LIGHT ST
Baltimore, MD"
I BAR,Charles North,"2118 MARYLAND AVE
Baltimore, MD"
"I.B.P.O.E. OF W., INCORPORATED",East Baltimore Midway,"2008 HARFORD RD
Baltimore, MD"
I'CON INN,Kresson,"45 KRESSON ST
Baltimore, MD"
IGGIES,Mount Vernon,"818 CALVERT ST
Baltimore, MD"
IGUANA CANTINA BAR,Inner Harbor,"124 MARKET PLACE
Baltimore, MD"
IKAN SEAFOOD,Chinquapin Park-Belvedere,"529 BELVEDERE AVE
Baltimore, MD"
IKAROS RESTAURANT,Greektown,"4805 EASTERN AVE
Baltimore, MD"
IKE'S PLACE,Carrollton Ridge,"2248 WILKENS Ave
Baltimore, MD"
"IL MONDO,INC",Little Italy,"217 HIGH ST
Baltimore, MD"
ILLUSIONS MAGIC BAR & LOUNGE,Federal Hill,"1025 27 S CHARLES ST
Baltimore, MD"
IMPRESSED CAFÂ,Downtown,"200 LEXINGTON ST
Baltimore, MD"
INCOGNITO TAVERN,Carrollton Ridge,"424 PAYSON ST
Baltimore, MD"
INDIA RASOI RESTAURANT,Little Italy,"411 HIGH ST
Baltimore, MD"
INDIA TANDOOR,Charles North,"2101 CHARLES ST
Baltimore, MD"
INDIGMA,Mount Vernon,"802 CHARLES ST
Baltimore, MD"
INSIDE RAIL BAR,Pimlico Good Neighbors,"Hayward Ave
Baltimore, MD"
INTERCONTINENTAL HARBOR COURT-BRIGHTON'S,Otterbein,"550 LIGHT ST
Baltimore, MD"
INTERCONTINENTAL HARBOR-EXPRESSO,Otterbein,"550 LIGHT ST
Baltimore, MD"
INTRINSICS RESTAURANT,Woodmere,"5209 REISTERSTOWN RD
Baltimore, MD"
IRISH PUB,Highlandtown,"418 CLINTON ST
Baltimore, MD"
ISIS ( 226-228),Downtown,"226 PARK AVE
Baltimore, MD"
ISLAND II,Fells Point,"1928 FLEET ST
Baltimore, MD"
ITALIANOS RESTAURANT CARRYOUT,Morrell Park,"2229 WASHINGTON BLVD
Baltimore, MD"
ixia restaurant,Mount Vernon,"518 charles st
Baltimore, MD"
J & J LOUNGE,Coppin Heights/Ash-Co-East,"2738 BAKER ST
Baltimore, MD"
J & J TAVERN,Carrollton Ridge,"1801 RAMSAY ST
Baltimore, MD"
J & M CORNER BAR,Baltimore Highlands,"3527 BALTIMORE ST
Baltimore, MD"
J & S BAR & LOUNGE,Ellwood Park/Monument,"301 LONEYS LN
Baltimore, MD"
J RAY'S CAFE,Washington Village,"900 CAREY ST
Baltimore, MD"
"J. PATRICK, INC.",Locust Point,"1367 ANDRE ST
Baltimore, MD"
J. PAUL'S,Inner Harbor,"301 LIGHT ST
Baltimore, MD"
J. T.'S SALOON,Rosemont East,"6317 BELAIR RD
Baltimore, MD"
JACK'S BISTRO,Canton,"3123 ELLIOTT ST
Baltimore, MD"
JACK'S LIQUOR & LOUNGE,Sharp-Leadenhall,"141 HAMBURG ST
Baltimore, MD"
JAMES JOYCE IRISH PUB AND RESTAURANT,Inner Harbor,"616 PRESIDENT ST
Baltimore, MD"
KAMP  (2312-14),Canton,"2312 BOSTON ST
Baltimore, MD"
KASBAH CAFÂ,Fells Point,"726 BROADWAY
Baltimore, MD"
KAWASAKI CAFÂ,Fells Point,"907 ANN ST
Baltimore, MD"
KAY-CEE CLUB,Homeland,"201 HOMELAND AVE
Baltimore, MD"
K'C' CORNER TAVERN,Westfield,"6626 HARFORD RD
Baltimore, MD"
KELLY'S,Canton,"2106 EASTERN AVE
Baltimore, MD"
KELLY'S BAR & LOUNGE,Carrollton Ridge,"291 PULASKI ST
Baltimore, MD"
KENTUCKY  FRIED  CHICKEN,Glenham-Belford,"6219 BELAIR RD
Baltimore, MD"
KENTUCKY FRIED CHICKEN,Downtown,"100 HOWARD ST
Baltimore, MD"
KENTUCKY FRIED CHICKEN,Charles North,"1821 ST PAUL ST
Baltimore, MD"
KENTUCKY FRIED CHICKEN,Better Waverly,"2853 GREENMOUNT AVE
Baltimore, MD"
KENTUCKY FRIED CHICKEN,Irvington,"3815 WILKENS AVE
Baltimore, MD"
KENTUCKY FRIED CHICKEN,Pulaski Industrial Area,"5625 O DONNELL ST
Baltimore, MD"
KENTUCKY FRIED CHICKEN  Y070-074,Liberty Square,"3300 REISTERSTOWN RD
Baltimore, MD"
KFC / LONG JOHN SILVERS,Frankford,"5000 SINCLAIR LN
Baltimore, MD"
KFC-Y320011,Glen,"6600 REISTERSTOWN RD
Baltimore, MD"
KICK BACK JACK'S,Frankford,"4825 BELAIR RD
Baltimore, MD"
KIKU SUSHI RESTAURANT,Federal Hill,"1017 LIGHT ST
Baltimore, MD"
"KIMMY'S RESTAURANT & CARRYOUT, INC.",Seton Business Park,"5732 WABASH AVE
Baltimore, MD"
KIM'S LIQUORS,Northwest Community Action,"2863 NORTH AVE
Baltimore, MD"
KIM'S RESTAURANT & CARRYOUT,Federal Hill,"1121 LIGHT ST
Baltimore, MD"
KING BUFFET,Lakeland,"2201 PATAPSCO AVE
Baltimore, MD"
"KING'S GARDEN CAFÂ, LLC",Downtown,"218 CHARLES ST
Baltimore, MD"
KING'S PIZZA EXPRESS,Hampden,"907 36TH ST
Baltimore, MD"
KIRBIE'S GRILL & CAFÂ,Downtown,"410 REDWOOD ST
Baltimore, MD"
KIRBY'S KORNER,Baltimore-Linwood,"35 POTOMAC ST
Baltimore, MD"
KISLING'S TAVERN,Canton,"2100 FLEET ST
Baltimore, MD"
KISS CAFÂ,Canton,"2400 BOSTON ST
Baltimore, MD"
KITTY'S LOUNGE,Abell,"3208 GREENMOUNT AVE
Baltimore, MD"
K-MART MORAVIA  STORE #3229,Frankford,"5100 SINCLAIR LN
Baltimore, MD"
KNOTTY PINE INN,Canton,"801 CONKLING ST
Baltimore, MD"
KOBA CAFÂ,Riverside,"644 FORT AVE
Baltimore, MD"
"KOCO'S PUB, INC.",Lauraville,"4301 HARFORD RD
Baltimore, MD"
KOLPERS RESTAURANT AND BAR,Jones Falls Area,"1520 CLIPPER RD
Baltimore, MD"
KOOPER'S TAVERN,Fells Point,"1702 THAMES ST
Baltimore, MD"
KOSHER BITE,Reisterstown Station,"6309 REISTERSTOWN RD
Baltimore, MD"
KOZY KORNER,East Baltimore Midway,"701 BARTLETT AVE
Baltimore, MD"
KRISTO'S CARRYOUT,Downtown,"206 SARATOGA ST
Baltimore, MD"
K'S KORNER,Westport,"2300 SIDNEY AVE
Baltimore, MD"
KUANG NING CARRYOUT,Northwest Community Action,"3127 NORTH AVE
Baltimore, MD"
KUMARI RESTAURANT & BAR,Mount Vernon,"911 CHARLES ST
Baltimore, MD"
Kwang Moo Liquor,Tremont,"4742 Frederick Ave
Baltimore, MD"
L. P. DOCKS,Locust Point,"1476 REYNOLDS ST
Baltimore, MD"
L.P. STEAMERS,Riverside,"1100 FORT AVE
Baltimore, MD"
LA  CAZUELA RESTAURANT,Fells Point,"1718 EASTERN AVE
Baltimore, MD"
LA MARSA,Fells Point,"706 BROADWAY
Baltimore, MD"
LA ROCA,Ellwood Park/Monument,"3210 PULASKI HWY
Baltimore, MD"
LA ROCA BRUJA,SBIC,"1453 LIGHT ST
Baltimore, MD"
LA RUMBA,Washington Hill,"1650 54 E PRATT ST
Baltimore, MD"
LA SCALA RISTORANTE ITALIANO,Little Italy,"1012 EASTERN AVE
Baltimore, MD"
"LA SIRENITA RESTAURANT, II",Brewers Hill,"3928 EASTERN AVE
Baltimore, MD"
LA TAVOLA RESTAURANT,Little Italy,"248 ALBEMARLE ST
Baltimore, MD"
LADY D'S CAFÂ,Better Waverly,"2637 GREENMOUNT AVE
Baltimore, MD"
LAGERS PUB,Canton,"2522 FAIT AVE
Baltimore, MD"
LAHOR KABAB HOUSE,Charles North,"2110 CHARLES ST
Baltimore, MD"
LA'RAE,Oliver,"1000 HOFFMAN ST
Baltimore, MD"
LARRY FLYNT'S HUSTLER CLUB,Downtown,"18 CUSTOM HOUSE AVE
Baltimore, MD"
LAS ESPERANZA,Fells Point,"529 BOND ST
Baltimore, MD"
"LAS PALMAS MEXICAN RESTAURANT, INC.",Fells Point,"1622 EASTERN AVE
Baltimore, MD"
LATASCA,Inner Harbor,"201 PRATT ST
Baltimore, MD"
LATIN PALACE  (509-13),Fells Point,"509 BROADWAY
Baltimore, MD"
LATIN QUARTERS,Greektown,"646 NEWKIRK ST
Baltimore, MD"
LAVA LOUNGE,Canton Industrial Area,"1301 PONCA ST
Baltimore, MD"
LEADBETTERS II,Fells Point,"1639 THAMES ST
Baltimore, MD"
LEAR'S II,Canton,"3500 O DONNELL ST
Baltimore, MD"
LEBANESE TAVERNA   (AKA 719 S. PRESIDENT STREET),Inner Harbor,"801 ALICEANNA ST
Baltimore, MD"
LED ENTERPRISES LTD.,Carrollton Ridge,"514 PULASKI ST
Baltimore, MD"
LEGAL SEA FOODS,Inner Harbor,"100 PRATT ST
Baltimore, MD"
LEGEND RESTAURANT,Upton,"614 LAURENS ST
Baltimore, MD"
LEMONGRASS BALTIMORE,Little Italy,"1300 BANK STREET
Baltimore, MD"
LENNY'S DELI OF LOMBARD STREET,Jonestown,"1150 LOMBARD ST
Baltimore, MD"
LEN'S SANDWICH SHOP,Broadway East,"1500 WASHINGTON ST
Baltimore, MD"
LEON'S BAR,Riverside,"1740 LIGHT ST
Baltimore, MD"
LEVEL'S LOUNGE,Penrose/Fayette Street Outreach,"322 FRANKLINTOWN RD
Baltimore, MD"
LIGHT STREET CAFÂ - 17th FLOOR,Inner Harbor,"100 LIGHT ST
Baltimore, MD"
LIGHT STREET TAVERN,SBIC,"1400 LIGHT ST
Baltimore, MD"
LIKE FATHER AND SON,Penrose/Fayette Street Outreach,"228 MONROE ST
Baltimore, MD"
LIL'S PLACE,Mondawmin,"1909 PULASKI ST
Baltimore, MD"
LIME,Riverside,"801 FORT AVE
Baltimore, MD"
LINDEN DELI,Mount Vernon,"890 LINDEN AVE
Baltimore, MD"
LINDEN LOUNGE & BAR,Reservoir Hill,"904 NORTH AVE
Baltimore, MD"
"LITHUANIAN HALL ASSOCIATION, INC.",Hollins Market,"851 HOLLINS ST
Baltimore, MD"
LITTLE BEAVER SOCIAL CLUB,Greektown,"600 LEHIGH ST
Baltimore, MD"
LITTLE HAVANA,Inner Harbor,"1325 key HWY
Baltimore, MD"
LITTLE TAVERN SHOPS,Highlandtown,"3515 EASTERN AVE
Baltimore, MD"
LITTLE TAVERN SHOPS(6412-14),Broening Manor,"6412 HOLABIRD AVE
Baltimore, MD"
LOCO HOMBRE,Evergreen,"411 COLDSPRING LN
Baltimore, MD"
LOCUST POINT TAVERN,Locust Point,"1515 CLEMENT ST
Baltimore, MD"
LONG HING CARRYOUT,Johnston Square,"1131 GREENMOUNT
Baltimore, MD"
LONG JOHN SILVERS/A &W RESTAURANTS,Glen,"6602 REISTERSTOWN RD
Baltimore, MD"
LONG JOHN'S PUB,Remington,"398 29TH ST
Baltimore, MD"
LONGWOOD CAFE',Gwynns Falls,"3001 FREDERICK AVE
Baltimore, MD"
looney's pub,Canton,"2900 o donnell st
Baltimore, MD"
LOS MARIACHIS RESTAURANT,Canton,"2227 EASTERN AVE
Baltimore, MD"
LOUISIANA,Fells Point,"1708 ALICEANNA ST
Baltimore, MD"
LOUNGE 51,Middle East,"633 DUNCAN ST
Baltimore, MD"
LOU'S BAR,Pulaski Industrial Area,"4825 EASTERN AVE
Baltimore, MD"
LOWELL LIQUOR,Central Park Heights,"3201 WOODLAND AVE
Baltimore, MD"
LUCA'S CAFÂ,Locust Point Industrial Area,"1230 FORT AVE
Baltimore, MD"
LULU'S OFF BROADWAY,Fells Point,"1703 ALICEANNA ST
Baltimore, MD"
LUMBINI,Downtown,"322 CHARLES ST
Baltimore, MD"
LUNA DELSEA,Inner Harbor,"300 PRATT ST
Baltimore, MD"
LUST,Downtown,"408 BALTIMORE ST
Baltimore, MD"
LYRIC THEATRE,Mid-Town Belvedere,"110 MOUNT ROYAL AVE
Baltimore, MD"
M & J'S SOUL FOOD,Charles Village,"102 25TH ST
Baltimore, MD"
M & M LIQUOR AND LOUNGE,Central Park Heights,"5142 PARK HEIGHTS AVE
Baltimore, MD"
M & S GRILL/MCCORMICK & SCHMICK'S SEAFOOD REST.,Inner Harbor,"201 PRATT ST
Baltimore, MD"
MACEO'S,Mondawmin,"1926 MONROE ST
Baltimore, MD"
MAGERK'S PUB,Federal Hill,"1061 CHARLES ST
Baltimore, MD"
MAGGIE MOORE'S IRISH PUB & RESTAURANT,Downtown,"21 EUTAW ST
Baltimore, MD"
mahaffey's pub,Canton,"2706 dillon st
Baltimore, MD"
"MAKUTI ENTERPRISES, LLC",Frankford,"5302 FRANKFORD AVE
Baltimore, MD"
MAMA'S ON THE HALF SHELL,Canton,"2901 O DONNELL ST
Baltimore, MD"
MAMMA LUCIA PIZZA,Hanlon-Longwood,"3049 MONDAWMIN MALL
Baltimore, MD"
MAMMA ROMA,Glen,"6604 REISTERSTOWN RD
Baltimore, MD"
MAMMA'S CUCINA,Hampden,"1020 41ST ST
Baltimore, MD"
MARGARETS PLACE,New Southwest/Mount Clare,"351 CALHOUN ST
Baltimore, MD"
MARIA D'S,Federal Hill,"1016 LIGHT ST
Baltimore, MD"
MARTICK'S,Downtown,"214 MULBERRY ST
Baltimore, MD"
MARYLAND CASUALTY  COMPANY (CAFÂ),Roland Park,"3910 KESWICK RD
Baltimore, MD"
MARYLAND CLUB,Mid-Town Belvedere,"1 EAGER ST
Baltimore, MD"
MARYLAND SCIENCE CENTER BEAKER'S CAFÂ,Otterbein,"601 LIGHT ST
Baltimore, MD"
MARY'S TAVERN,Upper Fells Point,"2057 GOUGH ST
Baltimore, MD"
MASTELLONE'S,North Harford Road,"7212 HARFORD RD
Baltimore, MD"
MATSURI RESTAURANT,Federal Hill,"1105 CHARLES ST
Baltimore, MD"
matthew's pizza,Canton,"3131 eastern ave
Baltimore, MD"
MAX'S ON BROADWAY,Fells Point,"735 BROADWAY
Baltimore, MD"
MAYNARD'S CAFE & RESTAURANT,Brooklyn,"3916 HANOVER ST
Baltimore, MD"
MBEPB VF #109-PERRY'S CRESENT CAFÂ,Downtown,"10 HOWARD ST
Baltimore, MD"
MBEPB VF #137--- STATE CENTER CAFÂ,Madison Park,"301 preston st
Baltimore, MD"
MBEPB VF #34,Seton Hill,"300 GREENE ST
Baltimore, MD"
MCCABE'S,Hampden,"3845 FALLS RD
Baltimore, MD"
MCCORMICK & SCHMICK SEAFOOD RESTAURANT,Inner Harbor,"711 EASTERN AVE
Baltimore, MD"
MCCRACKENS ON KEY,Riverside,"1400 KEY HIGHWAY
Baltimore, MD"
MCDONALD'S,Downtown,"101 BALTIMORE ST
Baltimore, MD"
mcdonald's,Brooklyn,"101 patapsco ave
Baltimore, MD"
mcdonald's,Inner Harbor,"200 pratt st
Baltimore, MD"
MCDONALD'S,South Clifton Park,"2001 BROADWAY
Baltimore, MD"
MCDONALD'S,Downtown,"25 HOWARD ST
Baltimore, MD"
MCDONALD'S,Better Waverly,"2840 GREENMOUNT
Baltimore, MD"
MCDONALD'S,Downtown,"31 CALVERT ST
Baltimore, MD"
mcdonald's,Violetville,"3619 wilkens ave
Baltimore, MD"
mcdonald's,Hampden,"3920 falls rd
Baltimore, MD"
MCDONALD'S,Central Park Heights,"4401 REISTERSTOWN RD
Baltimore, MD"
MCDONALD'S,Radnor-Winston,"5100 YORK RD
Baltimore, MD"
MCDONALD'S,Pulaski Industrial Area,"6001 MORAVIA RD
Baltimore, MD"
MCDONALD'S  RESTAURANT,Frankford,"5713 BELAIR RD
Baltimore, MD"
MCDONALD'S #5437,Baltimore Highlands,"3401 PULASKI HWY
Baltimore, MD"
MCDONALD'S (4526-38),Claremont-Freedom,"4526 ERDMAN AVE
Baltimore, MD"
MCDONALD'S 11851,Riverside,"825 FORT AVE
Baltimore, MD"
MCDONALD'S HAMBURGERS,Penrose/Fayette Street Outreach,"2501 FRANKLIN ST
Baltimore, MD"
MCDONALD'S HAMBURGERS,Carroll-South Hilton,"3249 FREDERICK AVE
Baltimore, MD"
MCDONALD'S HAMBURGERS,Downtown,"425 BALTIMORE ST
Baltimore, MD"
MCDONALD'S RESTAURANT,Reisterstown Station,"4205 MORTIMER AVE
Baltimore, MD"
MCDONALD'S RESTAURANT,Downtown,"45 MARKET PL
Baltimore, MD"
MCHENRY STREET PUB,New Southwest/Mount Clare,"1513 MCHENRY ST
Baltimore, MD"
MEADOW MILL ATHLETIC CLUB,Hampden,"3600 CLIPPER MILL RD
Baltimore, MD"
MEHEK,Fells Point,"811 BROADWAY
Baltimore, MD"
MELI PATISSERIE & BISTRO,Fells Point,"818 BROADWAY
Baltimore, MD"
METROPOLITAN COFFEEHOUSE AND WINE BAR,Federal Hill,"902 CHARLES ST
Baltimore, MD"
MEX RESTAURANT,Downtown,"26 MARKET PL
Baltimore, MD"
MICHAEL'S STEAK & LOBSTER HOUSE,Joseph Lee,"6207 EASTERN AVE
Baltimore, MD"
MICHELLE'S CAFÂ,Fells Point,"1836 EASTERN AVE
Baltimore, MD"
MICK 0' SHEA'S IRISH PUB,Downtown,"328 CHARLES ST
Baltimore, MD"
MIDTOWN YACHT CLUB,Mount Vernon,"15 CENTRE ST
Baltimore, MD"
"NEW REX LIQUORS,INC.",Wilson Park,"4637 YORK RD
Baltimore, MD"
NEW RITZ CABARET,Fells Point,"504 BROADWAY
Baltimore, MD"
NEW SEOUL RESTAURANT,Charles North,"1910 16 N CHARLES ST
Baltimore, MD"
"NICHIBAN OF FEDERAL HILL, INC.",Federal Hill,"1035 CHARLES ST
Baltimore, MD"
NICK'S,Carrollton Ridge,"2200 WILKENS AVE
Baltimore, MD"
NICK'S FISH HOUSE,Port Covington,"2600 INSULATOR DR
Baltimore, MD"
NIGHT OF THE COOKERS. LLC,Mount Vernon,"885 HOWARD ST
Baltimore, MD"
NIGHTSHIFT,Canton Industrial Area,"1725 PONCA ST
Baltimore, MD"
NIWANA,Charles Village,"3215 CHARLES ST
Baltimore, MD"
NO IDEA,SBIC,"1649 HANOVER ST
Baltimore, MD"
NO WAY JOSE CAFÂ,Federal Hill,"38 CROSS ST
Baltimore, MD"
NO. #1 CHINESE RESTAURANT,Highlandtown,"3710 EASTERN AVE
Baltimore, MD"
NORMA  JEANS,Downtown,"10 CUSTOM HOUSE AVE
Baltimore, MD"
NORTH POLE ICE CREAM COMPANY,Highlandtown,"3713 EASTERN AVE
Baltimore, MD"
NORTH'S CAFÂ,Arlington,"3716 BELVEDERE AVE
Baltimore, MD"
NORTHSIDE SPORTS BAR,Abell,"3100 GREENMOUNT AVE
Baltimore, MD"
OASIS NITECLUB,Downtown,"417 BALTIMORE ST
Baltimore, MD"
O'BRADY SALOON,Fairfield Area,"3432 HANOVER ST
Baltimore, MD"
O'CONNORS,Greektown,"4801 EASTERN AVE
Baltimore, MD"
O'DONNELL PUB,Canton,"531 POTOMAC ST
Baltimore, MD"
ODYSSEY LOUNGE,Sandtown-Winchester,"1323 PRESSTMAN ST
Baltimore, MD"
O'HARA'S IRISH PUB,Rosemont East,"6506 BELAIR RD
Baltimore, MD"
OK TAVERN,Biddle Street,"2301 BIDDLE ST
Baltimore, MD"
OLD BAY CAFÂ,Inner Harbor,"501 PRATT STREET
Baltimore, MD"
OLDE OBRYCKI'S CRAB HOUSE (saesonal),Upper Fells Point,"1727 PRATT ST
Baltimore, MD"
OLORI B',Better Waverly,"2637 GREENMOUNT AVE
Baltimore, MD"
OMEGA PSI PHI FRATERNITY,Easterwood,"2003 PRESBURY ST
Baltimore, MD"
ONE + ONE CARRYOUT,Sandtown-Winchester,"1550 MONROE ST
Baltimore, MD"
ONE WORLD CAFÂ,Tuscany-Canterbury,"100 UNIVERSITY PKWY
Baltimore, MD"
ONE-EYED MIKE'S,Fells Point,"708 BOND ST
Baltimore, MD"
OPEN HEARTH INN,Saint Helena,"6591 ST HELENA AVE
Baltimore, MD"
ORIENT EXPRESS,Charles Village,"3111 ST PAUL ST
Baltimore, MD"
ORLEANS LIQUORS,McElderry Park,"401 MONTFORD AVE
Baltimore, MD"
ottobar,Remington,"2549 howard st
Baltimore, MD"
OUT TO LUNCH,Inner Harbor,"109 MARKET PL
Baltimore, MD"
OUTBACK STEAKHOUSE,Canton,"2400 BOSTON ST
Baltimore, MD"
OVERLEA   DINER,Rosemont East,"6652 BELAIR RD
Baltimore, MD"
OXFORD TAVERN,Sandtown-Winchester,"1741 NORTH AVE
Baltimore, MD"
P & S JAMAICAN & AMERICAN RESTAURNAT & CARRYOUT,Pimlico Good Neighbors,"5218 PARK HEIGHTS AVE
Baltimore, MD"
P.J.'S PUB,Charles Village,"3333 CHARLES ST
Baltimore, MD"
PAIK'S PLACE,Fairfield Area,"3563 FAIRFIELD RD
Baltimore, MD"
PAK'S LIQUORS,Franklin Square,"300 GILMOR ST
Baltimore, MD"
PALOMA'S (351-55),New Southwest/Mount Clare,"351 WOODYEAR ST
Baltimore, MD"
PANADERIA HERMANOS NAVARRO LLC,Highlandtown,"3712 EASTERN AVE
Baltimore, MD"
PANDA EXPRESS # 1152,Reisterstown Station,"6514 REISTERSTOWN RD
Baltimore, MD"
PANERA BREAD,Inner Harbor,"600 PRATT ST
Baltimore, MD"
PANERA BREAD,Lake Walker,"6307 1 2 YORK RD
Baltimore, MD"
PAPA  JOHNS  PIZZA,Waltherson,"5246 HARFORD RD
Baltimore, MD"
PAPA JOHN'S,Abell,"347 33RD ST
Baltimore, MD"
PAPA JOHN'S PIZZA 730,Cross Keys,"4535 FALLS RD
Baltimore, MD"
PAPERMOON DINER,Remington,"227 29TH ST
Baltimore, MD"
PARADISE OF PARK HEIGHTS,Central Park Heights,"4448 PARK HEIGHTS AVE
Baltimore, MD"
PARADOX,Carroll - Camden Industrial Area,"1310 RUSSELL ST
Baltimore, MD"
PARK  AVE.  SPORTS  BAR,Downtown,"412 PARK AVE
Baltimore, MD"
PARK AVENUE CAFÂ EXPRESS,Violetville,"3700 KOPPERS ST
Baltimore, MD"
PARK INN,Canton,"2239 EASTERN AVE
Baltimore, MD"
Parkside Restaurant,Baltimore-Linwood,"2901 Baltimore St
Baltimore, MD"
PARTHENON DINER,Downtown,"8 PARK AVENUE
Baltimore, MD"
PASTICCIO ITALIAN KITCHEN,Canton,"2400 BOSTON ST
Baltimore, MD"
PATRICK'S  OF PRATT STREET,Hollins Market,"131 SCHROEDER ST
Baltimore, MD"
"PATTERSON PERK, LLC",Canton,"2501 EASTERN AVE
Baltimore, MD"
PATTY CAKES,Lauraville,"2301 ARGONNE DR
Baltimore, MD"
PAUL'S,Riverside,"701 FORT AVE
Baltimore, MD"
PAZO,Fells Point,"1425 ALICEANNA ST
Baltimore, MD"
PAZZA LUNA,Locust Point,"1401 CLEMENT ST
Baltimore, MD"
peabody court a clairon hotel,Mount Vernon,"612 cathedral st
Baltimore, MD"
PEARL'S,Fells Point,"1900 ALICEANNA ST
Baltimore, MD"
PEIWEI ASIAN DINER,Cedarcroft,"6302 YORK RD
Baltimore, MD"
peking house,Brooklyn,"3606 hanover st
Baltimore, MD"
PENN LIQUORS,Johnston Square,"1041 GREENMOUNT AVE
Baltimore, MD"
PENN RESTAURANT & CARRYOUT,University Of Maryland,"663 PRATT ST
Baltimore, MD"
PENN STREET TAVERN,Ridgely's Delight,"213 PENN ST
Baltimore, MD"
PENNINGTON   STATION,Curtis Bay,"4901 PENNINGTON AVE
Baltimore, MD"
PENNINGTON'S PUB      (5 & 7 W. PATAPSCO AVE.),Brooklyn,"7 PATAPSCO AVE
Baltimore, MD"
PEPINO'S INCORPORATED,Little Italy,"301 EXETER ST
Baltimore, MD"
PEPPER'S LIQUOR'S,Woodmere,"5440 REISTERSTOWN RD
Baltimore, MD"
PERGUSA ENTERPRISES,Rosebank,"5928 YORK RD
Baltimore, MD"
PETALO'S,Little Italy,"1002 EASTERN AVE
Baltimore, MD"
PETERS POUR HOUSE AND PUB 110,Downtown,"111 MERCER ST
Baltimore, MD"
PETE'S GRILLE,Better Waverly,"3130 GREENMOUNT AVE
Baltimore, MD"
"PETE'S INN, INCORPORATED",Fells Point,"504 ANN ST
Baltimore, MD"
PETIT LOUIS BISTRO,Roland Park,"4800 ROLAND AVE
Baltimore, MD"
PETTIFORD'S SEAFOOD & SOUL FOOD,East Baltimore Midway,"2002 HARFORD RD
Baltimore, MD"
PF CHANGS CHINA BISTRO,Inner Harbor,"600 PRATT ST
Baltimore, MD"
PHANTOM'S BAR AND GRILL,Belair-Edison,"3539 BELAIR RD
Baltimore, MD"
PHILLIP'S EXPRESS BUFFET,Inner Harbor,"301 light
Baltimore, MD"
PHILLIP'S OF HARBOR PLACE,Inner Harbor,"301 light st
Baltimore, MD"
PICCADELIS,Mount Vernon,"202 READ ST
Baltimore, MD"
PICKLES PUB,Inner Harbor,"520 WASHINGTON BLVD
Baltimore, MD"
PIER 5 HOTEL,Inner Harbor,"711 EASTERN AVE
Baltimore, MD"
PIMLICO TRACK KITCHEN  (PIMLICO RACE COURSE),Pimlico Good Neighbors,"Haward Ave
Baltimore, MD"
PIZZA PRESTO,Pulaski Industrial Area,"6500 EASTERN AVENUE
Baltimore, MD"
PIZZERIA UNO,Inner Harbor,"201 PRATT ST
Baltimore, MD"
"PLAZA SALOON, INC.",Downtown,"404 BALTIMORE ST
Baltimore, MD"
"POLISH NATIONAL ALLIANCE, COUNCIL 21",Fells Point,"1627 EASTERN AVE
Baltimore, MD"
POLLO REAL,Baltimore Highlands,"101 EATON ST
Baltimore, MD"
POLOCK JOHNNY'S,Morrell Park,"3212 WASHINGTON BLVD
Baltimore, MD"
POL'S CAFÂ,Canton,"2619 21 FOSTER AVE
Baltimore, MD"
PONCABIRD PUB/SNACK SHACK,Canton Industrial Area,"1719 PONCABIRD PASS
Baltimore, MD"
POPEYES FAMOUS FRIED CHICKEN,Dunbar-Broadway,"300 BROADWAY
Baltimore, MD"
POPEYES FAMOUS FRIED CHICKEN,Baltimore Highlands,"3400 PULASKI HWY
Baltimore, MD"
POPEYES FAMOUS FRIED CHICKEN,Rognel Heights,"4404 EDMONDSON AVE
Baltimore, MD"
POPEYES FAMOUS FRIED CHICKEN,Frankford,"5002 SINCLAIR LN
Baltimore, MD"
POPEYES FAMOUS FRIED CHICKEN,Winston-Govans,"5002 YORK RD
Baltimore, MD"
POPEYES FAMOUS FRIED CHICKEN,Rosemont East,"6642 BELAIR RD
Baltimore, MD"
POPEYES FAMOUS FRIED CHICKEN,Riverside,"887 FORT AVE
Baltimore, MD"
POPEYE'S FAMOUS FRIED CHICKEN & BISCUITS,Reisterstown Station,"6512 reisterstown RD
Baltimore, MD"
POPEYES OF MONDAWMIN,Mondawmin,"2401 LIBERTY HEIGHTS AVE
Baltimore, MD"
PORT IN A STORM,Kresson,"4330 LOMBARD ST
Baltimore, MD"
PORT TRUCK STOP BAR  RESTAURANT,Canton Industrial Area,"1701 CLINTON ST
Baltimore, MD"
PORTERS PUB,Federal Hill,"1032 RIVERSIDE AVE
Baltimore, MD"
REISTERSTOWN ROAD SUBWAY,Woodmere,"5520 REISTERSTOWN ROAD
Baltimore, MD"
RENAISSANCE HARBORPLACE HOTEL,Inner Harbor,"200 PRATT ST
Baltimore, MD"
RENAISSANCE HARBORPLACE HOTEL,Inner Harbor,"200 202 E PRATT ST
Baltimore, MD"
RENAISSANCE HARBORPLACE HOTEL,Inner Harbor,"200 202 E PRATT ST
Baltimore, MD"
RENAISSANCE HARBORPLACE HOTEL,Inner Harbor,"200 202 E PRATT ST
Baltimore, MD"
RENDEZVOUS  LOUNGE,Charles Village,"136 25TH ST
Baltimore, MD"
restaurante el trovador,Fells Point,"318 broadway
Baltimore, MD"
restaurate el salvador,Fells Point,"207 broadway
Baltimore, MD"
RICK'S BAR & GRILL,Curtis Bay,"5014 CURTIS AVE
Baltimore, MD"
RITA'S ITALIAN ICE,Fallstaff,"6796 REISTERSTOWN RD
Baltimore, MD"
ROBBIE'S NEST,Broadway East,"2250 NORTH AVE
Baltimore, MD"
ROBERT OLIVER SEAFOOD,Mid-Town Belvedere,"1225 CATHEDRAL ST
Baltimore, MD"
ROCCO'S CAPRICCIO,Little Italy,"242 HIGH ST
Baltimore, MD"
"ROCK ""N"" ROBIN CAFE",Brooklyn,"3733 HANOVER ST
Baltimore, MD"
ROCKET TO VENUS (3358-3360),Hampden,"3358 CHESTNUT AVE
Baltimore, MD"
RODOS  BAR,Fells Point,"719 BROADWAY
Baltimore, MD"
ROMAN'S PLACE,Baltimore-Linwood,"2 DECKER AVE
Baltimore, MD"
ROOTS UNLIMITED,Penrose/Fayette Street Outreach,"2148 VINE ST
Baltimore, MD"
ROPEWALK TAVERN,Federal Hill,"1209 CHARLES ST
Baltimore, MD"
ROSIE'S,Carrollton Ridge,"482 BENTALOU ST
Baltimore, MD"
ROSITAS RESTAURANT,Fells Point,"206 BROADWAY
Baltimore, MD"
ROYAL RESTAURANT,Downtown,"206 LEXINGTON ST
Baltimore, MD"
ROYAL VILLAGE,Federal Hill,"1033 LIGHT ST
Baltimore, MD"
"ROY'S EAST ATLANTIC I, LIMITED PARTNERSHIP",Inner Harbor,"720 ALICEANNA ST
Baltimore, MD"
RUB BARBEQUE,Riverside,"1843 LIGHT STREET
Baltimore, MD"
RUBY TUESDAY,Loch Raven,"1728 NORTHERN PKWY
Baltimore, MD"
RUBY TUESDAY,Charles Village,"3003 CHARLES ST
Baltimore, MD"
RUMOR BAR AND GRILL,McElderry Park,"2600 MONUMENT ST
Baltimore, MD"
RUSSELL SERNOCKY AMERICAN LEGION POST #184,New Southwest/Mount Clare,"1410 PRATT ST
Baltimore, MD"
RUSTY SCUPPER,Federal Hill,"402 KEY HWY
Baltimore, MD"
RUTH E'S PLACE,Millhill,"2696 WILKENS Ave
Baltimore, MD"
RUTH'S CHRIS STEAK HOUSE,Downtown,"600 WATER ST
Baltimore, MD"
RUTH'S CHRIS STEAK HOUSE,Inner Harbor,"711 EASTERN AVE
Baltimore, MD"
RUTLAND BAR,Broadway East,"1508 RUTLAND AVE
Baltimore, MD"
RYAN'S DAUGHTER,Chinquapin Park-Belvedere,"600 BELVEDERE AVE
Baltimore, MD"
RYLEIGH'S OYSTERS,Federal Hill,"36 CROSS ST
Baltimore, MD"
S.O.S BAR & LOUNGE,Baltimore-Linwood,"2511 FAYETTE ST
Baltimore, MD"
SABATINO'S RESTAURANT,Little Italy,"901 FAWN ST
Baltimore, MD"
saigon remembered restaurant,Mid-Govans,"5857 york rd
Baltimore, MD"
SAINT BENEDICT BOOSTER CLUB,Millhill,"2612 WILKENS AVE
Baltimore, MD"
SALSA RICO,Loyola/Notre Dame,"4501 CHARLES ST
Baltimore, MD"
SALSARITA'S FRESH CANTINA,Downtown,"324 BALTIMORE ST
Baltimore, MD"
SALT,Upper Fells Point,"2127 PRATT ST
Baltimore, MD"
SAMMY'S TRATTORIA,Mid-Town Belvedere,"1200 CHARLES ST
Baltimore, MD"
SAMOS RESTAURANT,Greektown,"600 OLDHAM ST
Baltimore, MD"
SAMPSON'S RESTAURANT,Poppleton,"946 FAYETTE ST
Baltimore, MD"
SAM'S BAGELS,Federal Hill,"915 LIGHT ST
Baltimore, MD"
SAND MAN,Canton,"708 BAYLIS ST
Baltimore, MD"
SANDPIPER,Poppleton,"1126 BALTIMORE ST
Baltimore, MD"
SANDY'S CAFE,Baltimore Highlands,"3601 PULASKI HWY
Baltimore, MD"
SANTA ANA RESTURANT,Fells Point,"246 BROADWAY
Baltimore, MD"
SBARRO INC.,Inner Harbor,"200 PRATT ST
Baltimore, MD"
SBARRO ITALIAN EATERY,Pulaski Industrial Area,"5625 O DONNELL ST
Baltimore, MD"
SCHAEFER'S BAR & RESTAURANT,SBIC,"121 RANDALL ST
Baltimore, MD"
SCORES,Penn-Fallsway,"615 FALLSWAY
Baltimore, MD"
serdenes restaurant,Pulaski Industrial Area,"5603 pulaski hwy
Baltimore, MD"
S'GHETTI EDDIE'S,Evergreen,"414 COLD SPRING LN
Baltimore, MD"
SHAFFERS,Washington Village,"1184 CLEVELAND ST
Baltimore, MD"
SHAHRAZAD'S INTERNATIONAL NEO-SOUL,Washington Village,"771 WASHINGTON BLVD
Baltimore, MD"
SHANE'S SANDWICH SHOP,Downtown,"142 FAYETTE ST
Baltimore, MD"
SHARKY'S BAR & GRILL,Canton,"2819 EASTERN AVE
Baltimore, MD"
SHED ROW,Upper Fells Point,"1901 GOUGH ST
Baltimore, MD"
SHELDON'S LOUNGE,Belair-Edison,"4325 BELAIR RD
Baltimore, MD"
SHERATON BALTIMORE CITY CTR HOTEL (BANQUET),Downtown,"101 FAYETTE ST
Baltimore, MD"
SHERATON INNER HARBOR HOTEL - ORIOLES GRILL,Inner Harbor,"300 CHARLES ST
Baltimore, MD"
SHERATON INNER HARBOR HOTEL -EMPLOYEE'S CAFETERIA,Inner Harbor,"300 CHARLES ST
Baltimore, MD"
SHERATON INNER HARBOR HOTEL-MAIN KITCHEN,Inner Harbor,"300 CHARLES ST
Baltimore, MD"
SHERRIES,Baltimore Highlands,"3821 PULASKI HWY
Baltimore, MD"
SHERRY'S PLACE,Fells Point,"238 BROADWAY
Baltimore, MD"
SHIRLEY'S  HONEY HOLE,Broadway East,"2300 OLIVER ST
Baltimore, MD"
SHORTY'S,Canton,"3301 FOSTER AVE
Baltimore, MD"
SHUCKERS OF FELLS POINT,Fells Point,"1629 THAMES ST
Baltimore, MD"
SHULA'S @ SHERATON BALTIMORE CITY CTR HOTEL,Downtown,"101 FAYETTE ST
Baltimore, MD"
SIDE  BAR  (218-220),Downtown,"218 lexington ST
Baltimore, MD"
SID'S TAVERN,Washington Village,"1100 WASHINGTON BLVD
Baltimore, MD"
SIGN OF THE TIMES  (137-39),Baltimore-Linwood,"137 BELNORD AVE
Baltimore, MD"
SIG'S BAR,Fells Point,"628 BROADWAY
Baltimore, MD"
SILK ROAD EXPRESS-MATTIN CENTER  J H U,Charles Village,"3400 CHARLES ST
Baltimore, MD"
SILK'S TAVERN,Canton,"2641 HUDSON ST
Baltimore, MD"
SILVER STAR RESTAURANT/CARRYOUT,East Baltimore Midway,"801 BONAPARTE AVE
Baltimore, MD"
SIP & BITE RESTAURANT,Canton,"2200 BOSTON ST
Baltimore, MD"
SIR'S DELI,Mid-Town Belvedere,"1101 ST PAUL #101 ST
Baltimore, MD"
SISSON STREET SUBWAY,Remington,"2725 SISSON STREET
Baltimore, MD"
SISTA'  SANDRA'S INTERNATIONAL CUSINE,Reisterstown Station,"6212 REISTERSTOWN RD
Baltimore, MD"
SKEETER'S,Morrell Park,"2506 WASHINGTON BLVD
Baltimore, MD"
SKY LOUNGE/ TANGO TAPAS,Federal Hill,"1041 MARSHALL ST
Baltimore, MD"
SKYBOX BAR & GRILL,Riverside,"823 FORT AVE
Baltimore, MD"
SLAINTE IRISH PUB & RESTAURANT,Fells Point,"1700 THAMES ST
Baltimore, MD"
SLIDERS BAR & GRILL,Inner Harbor,"504 WASHINGTON BLVD
Baltimore, MD"
SLIM ACE OF CLUB,Belair-Edison,"4200 BELAIR RD
Baltimore, MD"
SLY FOX PUB,Riverside,"554 FORT AVE
Baltimore, MD"
SMEDLY'S,Fells Point,"600 WOLFE ST
Baltimore, MD"
smiley's tavern,New Southwest/Mount Clare,"1525 RAMSAY ST
Baltimore, MD"
SMITH PLACE,East Baltimore Midway,"2006 HARFORD RD
Baltimore, MD"
SMITTIE'S BAR & LOUNGE,Coppin Heights/Ash-Co-East,"1660 WARWICK AVE
Baltimore, MD"
SOBO CAFE'  (6-8 W. CROSS ST.),Federal Hill,"6 CROSS ST
Baltimore, MD"
SODEXHO  sunpapers,Port Covington,"300 CROMWELL ST
Baltimore, MD"
"SODEXHO MANAGEMENT, INC.",Carroll - Camden Industrial Area,"1800 WASHINGTON BLVD
Baltimore, MD"
SODEXHO MANAGEMENT. INC,Mount Vernon,"501 CALVERT ST
Baltimore, MD"
SODEXHO/ FEDERAL RESERVE BANK,Otterbein,"502 SHARP ST
Baltimore, MD"
SOFI'S CREPES,Downtown,"333 charles ST
Baltimore, MD"
SONAR,Downtown,"407 SARATOGA ST
Baltimore, MD"
SON-SON LIQUOR & TAVERN,Downtown,"308 EUTAW ST
Baltimore, MD"
SOTTO SOPRA,Downtown,"405 CHARLES ST
Baltimore, MD"
SOUL SOURCE,Midtown-Edmondson,"2101 EDMONDSON AVE
Baltimore, MD"
SOUP'S ON BALTIMORE,Mid-Town Belvedere,"11 PRESTON STREET
Baltimore, MD"
SOUTHERN ACCENTS,Fells Point,"814 BROADWAY
Baltimore, MD"
SOUTHSIDE SALOON,Riverside,"430 FORT AVE
Baltimore, MD"
SOUVLAKI  PLACE,Greektown,"4706 EASTERN ave
Baltimore, MD"
SPARTAN PIZZERIA RESTAURANT,Highlandtown,"3600 EASTERN AVE
Baltimore, MD"
SPEAKEASY SALOON,Canton,"2840 O DONNELL ST
Baltimore, MD"
SPECTRUM CATERING,Downtown,"12 EUTAW ST
Baltimore, MD"
SPIRITS & MORE,Penrose/Fayette Street Outreach,"255 PAYSON ST
Baltimore, MD"
SPIRITS TAVERN,Upper Fells Point,"1901 BANK ST
Baltimore, MD"
"SPIRITS WEST,INC",Millhill,"2601 WILKENS AVE
Baltimore, MD"
SPOONS COFFEE,Federal Hill,"24 CROSS ST
Baltimore, MD"
SPORTS CAFE,Canton,"1224 CLINTON ST
Baltimore, MD"
SPORTS PALACE,Pimlico Good Neighbors,"Hayward Ave
Baltimore, MD"
SPORTSMAN LOUNGE BAR,Howard Park,"4725 GWYNN OAK AVE
Baltimore, MD"
SPORTSMAN SPOT,Greektown,"501 LEHIGH ST
Baltimore, MD"
"SPORTSTERS, INC.",Carrollton Ridge,"2148 WILKENS AVE
Baltimore, MD"
ST. MARY'S (118-120),Charles Village,"118 25TH ST
Baltimore, MD"
STADIUM LOUNGE,Oakenshawe,"3351 53 GREENMOUNT AVE
Baltimore, MD"
STAGE DOOR/ENCORE,Downtown,"5 COMMERCE ST
Baltimore, MD"
STALKING HORSE,Federal Hill,"26 CROSS ST
Baltimore, MD"
STANLEY'S DRIVE INN,Orangeville,"4215 MONUMENT ST
Baltimore, MD"
STARBUCKS,Inner Harbor,"301 LIGHT ST
Baltimore, MD"
STARBUCKS  COFFEE #746,Sabina-Mattfeldt,"1340 SMITH AVE
Baltimore, MD"
STARBUCKS COFFEE,Canton,"2400 BOSTON ST
Baltimore, MD"
STARBUCKS COFFEE,Charles Village,"3201 ST PAUL ST
Baltimore, MD"
STARBUCKS COFFEE COMPANY,Downtown,"1 EUTAW ST
Baltimore, MD"
STARBUCKS CORPORATION,Mid-Town Belvedere,"1209 CHARLES ST
Baltimore, MD"
STARLITE LOUNGE,Shipley Hill,"2701 FAIRMOUNT AVE
Baltimore, MD"
STARTERS TAVERN,Cherry Hill,"3311 ANNAPOLIS RD
Baltimore, MD"
STATION NORTH ARTS CAFÂ,Charles North,"1816 CHARLES ST
Baltimore, MD"
STEELWORKERS HOLDING COMPANY,Pulaski Industrial Area,"540 DUNDALK AVE
Baltimore, MD"
STEEPLE CHASE II,Biddle Street,"2401 CHASE ST
Baltimore, MD"
STOCKMARKET BAR,Brooklyn,"3538 HANOVER ST
Baltimore, MD"
SUBWAY,Oliver,"1400 NORTH AVE
Baltimore, MD"
SUBWAY,Stonewood-Pentwood-Winston,"1700 COLDSPRING LN
Baltimore, MD"
subway,Downtown,"200 lexington st
Baltimore, MD"
SUBWAY,Lakeland,"2149 PATAPSCO AVE
Baltimore, MD"
SUBWAY,Downtown,"423 BALTIMORE ST
Baltimore, MD"
SUBWAY,Dunbar-Broadway,"600 WOLFE ST
Baltimore, MD"
SUBWAY,Violetville,"900 CATON AVE
Baltimore, MD"
SUBWAY  RESTAURANT,Fells Point,"632 BROADWAY
Baltimore, MD"
SUBWAY 1301 N. CHARLES ST,Mid-Town Belvedere,"1301 CHARLES ST
Baltimore, MD"
SUGAR HILL TAVERN & PKG.,Penn North,"2361 DRUID HILL AVE
Baltimore, MD"
SUN FLOWER DELI,Charles Village,"2436 CHARLES ST
Baltimore, MD"
SUN HING CHINESE FOOD CARRYOUT,SBIC,"1451 LIGHT ST
Baltimore, MD"
SUNLIGHT LOUNGE,Fells Point,"1713 EASTERN AVE
Baltimore, MD"
"SURN-N-JOE""S",Loyola/Notre Dame,"4501 CHARLES ST
Baltimore, MD"
SURVIVOR'S SPORTS BAR (606-08),Brooklyn,"606 PATAPSCO AVE
Baltimore, MD"
SUSHI-SAN RESTAURANT,Canton,"2748 LIGHTHOUSE POINT
Baltimore, MD"
SUZIE' SOBA,Downtown,"7 CALVERT ST
Baltimore, MD"
SUZIE'S SOBA,Hampden,"1009 36TH ST
Baltimore, MD"
SWEET MELON CAFÂ,Downtown,"111 CHARLES ST
Baltimore, MD"
SWEET RETREAT CAFÂ,Charles Village,"3215 CHARLES ST
Baltimore, MD"
SZE-CHUAN RESTAURANT,Federal Hill,"1125 CHARLES ST
Baltimore, MD"
T N C. INC. (4106-4108),Irvington,"4106 FREDERICK AVE
Baltimore, MD"
T.D.F. CORPORATION,Violetville,"1401 BLOOMFIELD AVE
Baltimore, MD"
TABRIZI'S,Inner Harbor,"500 HARBORVIEW DR
Baltimore, MD"
TACO BELL,Ellwood Park/Monument,"3319 PULASKI HWY
Baltimore, MD"
TACO BELL & LONG JOHN SILVERS,Lakeland,"3110 HOLLINS FERRY RD
Baltimore, MD"
TACO FIESTA,Inner Harbor,"618 EXETER ST
Baltimore, MD"
TAKI'S PIZZA CARRYOUT RESTAURANT,Fells Point,"527 BROADWAY
Baltimore, MD"
TALAY THAI GRILLE,Fells Point,"1911 ALICEANNA ST
Baltimore, MD"
TALKING HEAD CLUB,Downtown,"203 DAVIS ST
Baltimore, MD"
TAMBER'S,Charles Village,"3327 ST PAUL ST
Baltimore, MD"
TAM-TAM,Mid-Govans,"5722 YORK RD
Baltimore, MD"
TAPAS TEATRO CAFÂ,Charles North,"1711 CHARLES ST
Baltimore, MD"
TASTE,Mid-Govans,"510 BELVEDERE AVE
Baltimore, MD"
TASTE INTERNATIONAL RESTAURANT,Curtis Bay Industrial Area,"4314 CURTIS AVE
Baltimore, MD"
TASTE INTERNATIONAL RESTAURANT & LOUNGE/BAR,Curtis Bay Industrial Area,"4314 CURTIS AVENUE
Baltimore, MD"
TAYLOR'S 5000 TAVERN,Curtis Bay,"5000 PENNINGTON AVE
Baltimore, MD"
TAYLORS EAST,Berea,"1201 POTOMAC ST
Baltimore, MD"
TEN-O-SIX,Federal Hill,"1006 LIGHT ST
Baltimore, MD"
TEQUILA SUNSET,Penn North,"2705 PENNSYLVANIA AVE
Baltimore, MD"
THAI  LANDING,Mid-Town Belvedere,"1207 CHARLES ST
Baltimore, MD"
THAI ARROY RESTAURANT,Federal Hill,"1019 LIGHT ST
Baltimore, MD"
THAI RESTAURANT,Oakenshawe,"3316 GREENMOUNT AVE
Baltimore, MD"
THE 8 x 10,Federal Hill,"10 CROSS ST
Baltimore, MD"
THE ADMIRAL'S CUP,Fells Point,"1645 THAMES ST
Baltimore, MD"
THE AMERICAN LEGION,Morrell Park,"1508 DESOTO RD
Baltimore, MD"
THE BALTIMORE SYMPHONY ORCHESTRA,Mid-Town Belvedere,"1212 CATHEDRAL ST
Baltimore, MD"
"THE BALTIMORE VETS ASSOC., INC. CHPT #451",Holabird Industrial Park,"6401 BECKLEY ST
Baltimore, MD"
THE BICYCLE,SBIC,"1444 LIGHT ST
Baltimore, MD"
THE BISTRO,Fells Point,"1718 LANCASTER ST
Baltimore, MD"
THE BRASS ELEPHANT,Mount Vernon,"924 CHARLES ST
Baltimore, MD"
THE BREWER'S ART,Mid-Town Belvedere,"1106 CHARLES ST
Baltimore, MD"
THE BROOKSHIRE  INNER  HARBOR  SUITE  HOTEL,Inner Harbor,"120 LOMBARD ST
Baltimore, MD"
THE CANTON LIQUOR HOUSE,Fells Point,"1822 FLEET ST
Baltimore, MD"
THE CAPITAL GRILLE,Inner Harbor,"500 PRATT ST
Baltimore, MD"
THE CARIBBEAN AMERICAN HEAT,Howard Park,"4740 LIBERTY HEIGHTS AVE
Baltimore, MD"
THE CATS EYE PUB,Fells Point,"1730 THAMES ST
Baltimore, MD"
The Chameleon Cafâ€š',Lauraville,"4341 harford rd
Baltimore, MD"
THE CHEESECAKE  FACTORY,Inner Harbor,"201 PRATT ST
Baltimore, MD"
THE CHINA DOLL,Downtown,"406 PARK AVE
Baltimore, MD"
THE CRAB PIT,Gwynns Falls,"2801 WILKENS AVE
Baltimore, MD"
THE DEN LLC,Charles Village,"3327 ST PAUL ST
Baltimore, MD"
THE DEPOT,Charles North,"1728 CHARLES ST
Baltimore, MD"
THE DRINKERY,Mount Vernon,"203 READ ST
Baltimore, MD"
THE EDGE BAR & LOUNGE,Broadway East,"2015 FEDERAL ST
Baltimore, MD"
THE EDGE BAR & LOUNGE - KITCHEN AREA,Broadway East,"2015 FEDERAL ST
Baltimore, MD"
THE ENGINEER'S SOCIETY OF BALTIMORE,Mount Vernon,"11 MOUNT VERNON PL
Baltimore, MD"
THE EVERGREEN,Roland Park,"501 COLDSPRING LN
Baltimore, MD"
THE FAIRMOUNT INN,Baltimore Highlands,"3537 FAIRMOUNT AVE
Baltimore, MD"
THE GARDENVILLE CLUB,Frankford,"5405 RADECKE AVE
Baltimore, MD"
THE GARRETT LOUNGE,Coldstream Homestead Montebello,"2510 GARRETT AVE
Baltimore, MD"
THE GENTLEMAN'S GOLD CLUB,Armistead Gardens,"5801 PULASKI HWY
Baltimore, MD"
THE GIN  MILL,Canton,"2300 BOSTON ST
Baltimore, MD"
THE GLASS GRILL,Eastwood,"6804 EASTERN AVE
Baltimore, MD"
THE GODDESS,Downtown,"36 EUTAW ST
Baltimore, MD"
THE GREENE TURTLE,Fells Point,"722 BROADWAY
Baltimore, MD"
THE HOLLOW BAR & GRILL,Rosebank,"5921 YORK RD
Baltimore, MD"
THE HORSE YOU CAME IN ON,Fells Point,"1626 THAMES ST
Baltimore, MD"
THE HUBCAP INN,Cedmont,"6003 BELAIR RD
Baltimore, MD"
THE IBIS TAVERN,Westfield,"6016 HARFORD RD
Baltimore, MD"
"THE INNER HARBOR MARINA OF BALTIMORE, INC.",Federal Hill,"400 KEY HWY
Baltimore, MD"
THE LAUGHING PINT,Highlandtown,"3531 GOUGH ST
Baltimore, MD"
THE LIFE OF REILLY IRISH PUB & RESTAURANT,Butcher's Hill,"2031 FAIRMOUNT AVE
Baltimore, MD"
THE LODGE BAR,Downtown,"10 MARKET PL
Baltimore, MD"
THE LOOP,Irvington,"4238 FREDERICK AVE
Baltimore, MD"
THE MORNING EDITION CAFE,Patterson Place,"153 PATTERSON PARK AVE
Baltimore, MD"
THE NEW 2 O'CLOCK CLUB,Downtown,"414 BALTIMORE ST
Baltimore, MD"
THE NEW BUCKETT'S LOUNGE,Broadway East,"1432 CHESTER ST
Baltimore, MD"
THE NEW CASSELL (KITCHEN AREA),Baltimore-Linwood,"1 CURLEY ST
Baltimore, MD"
THE NEW CASSELL'S,Baltimore-Linwood,"1 CURLEY ST
Baltimore, MD"
THE NEW HAVEN LOUNGE,Hillen,"1552 HAVENWOOD RD
Baltimore, MD"
THE NEW WYMAN PARK RESTAURANT,Charles Village,"138 25TH ST
Baltimore, MD"
THE NORTHEAST TAVERN,Westfield,"6016 HARFORD RD
Baltimore, MD"
THE OCEANAIRE SEAFOOD ROOM,Inner Harbor,"801 ALICEANNA ST
Baltimore, MD"
THE OPPOSITE SIDEWALK SALOON,Hollins Market,"132 CAREY ST
Baltimore, MD"
THE PLACE,Downtown,"315 FRANKLIN ST
Baltimore, MD"
THE PREAKNESS LOUNGE,Greenspring,"4103 PIMLICO RD
Baltimore, MD"
"THE PRIME RIB, INCORPORATED",Mid-Town Belvedere,"1101 CALVERT ST
Baltimore, MD"
THE QUEST,Brewers Hill,"3607 FLEET ST
Baltimore, MD"
THE RED STAR BAR & GRILL,Fells Point,"906 WOLFE ST
Baltimore, MD"
THE ROWAN TREE,SBIC,"1633 CHARLES ST
Baltimore, MD"
THE SHAMROCK INN,Westfield,"6044 HARFORD RD
Baltimore, MD"
THE WALTERS ART GALLERY,Otterbein,"600 CHARLES ST
Baltimore, MD"
THE WATERFRONT HOTEL,Fells Point,"1710 THAMES ST
Baltimore, MD"
THE WHARF RAT CAMDEN YARDS,Inner Harbor,"206 PRATT ST
Baltimore, MD"
"THE WHISPERING WIND, LLC",Baltimore-Linwood,"2711 FAYETTE ST
Baltimore, MD"
THE WINE MARKET (SUITE 135),Riverside,"921 FORT AVE
Baltimore, MD"
THE YABBA POT,Charles Village,"2433 ST PAUL ST
Baltimore, MD"
THIRSTY'S II,Cedmont,"6037 BELAIR RD
Baltimore, MD"
THORNTON'S PUB,Locust Point,"1538 CLEMENT ST
Baltimore, MD"
THREE  ACE'S,Belair-Edison,"3534 belair RD
Baltimore, MD"
THREE KINGS OF EGYPT,Federal Hill,"1027 LIGHT ST
Baltimore, MD"
THUMPER'S,Curtis Bay Industrial Area,"4600 CURTIS AVE
Baltimore, MD"
TIBURZI'S CAFÂ LLC,Canton,"900 KENWOOD AVE
Baltimore, MD"
TIJUANA TACOS & DELI,Canton,"2224 FLEET ST
Baltimore, MD"
TIME CAFÂ,Riverside,"1107 LIGHT ST
Baltimore, MD"
TIMOTHY DEAN BISTRO,Upper Fells Point,"1717 EASTERN AVE
Baltimore, MD"
TIO PEPE RESTAURANTE,Mount Vernon,"10 FRANKLIN ST
Baltimore, MD"
TIR NA NOG BAR & GRILL,Inner Harbor,"201 PRATT ST
Baltimore, MD"
TODD CONNERS,Fells Point,"700 BROADWAY
Baltimore, MD"
TOM & OLIVE'S CAFE,Madison-Eastend,"2942 MONUMENT ST
Baltimore, MD"
TOMMY'S LOUNGE,Highlandtown,"200 CONKLING ST
Baltimore, MD"
TOM'S BAR,Greektown,"4719 EASTERN AVE
Baltimore, MD"
TONY'S PLACE,Waverly,"3801 OLD YORK RD
Baltimore, MD"
TORAIN'S  HIDE-A-WAY,Broadway East,"1701 ELLSWORTH ST
Baltimore, MD"
TOWER TERRACE RESTAURANT,Dunbar-Broadway,"600 WOLFE ST
Baltimore, MD"
TRACEY'S  LOUNGE,Greektown,"301 MACON ST
Baltimore, MD"
TRAVELERS LOUNGE,Holabird Industrial Park,"6500 HOLABIRD AVE
Baltimore, MD"
TREMONT GRAND CAFÂ,Downtown,"225 CHARLES ST
Baltimore, MD"
TREMONT HOTEL/8 EAST RESTAURANT,Downtown,"8 PLEASANT ST
Baltimore, MD"
TREMONT PLAZA DELI,Downtown,"222 ST PAUL PL
Baltimore, MD"
TREMPER INC.,Canton,"3242 FOSTER AVE
Baltimore, MD"
TRINIDAD ASSOCIATES,Arlington,"5402 PARK HEIGHTS AVE
Baltimore, MD"
TRIP PLACE,Charles North,"1813 CHARLES ST
Baltimore, MD"
TROPICAL TASTE RESTAURANT,Woodmere,"5205 REISTERSTOWN RD
Baltimore, MD"
TRUFFLES & TEA,Cross Keys,"5100 FALLS RD
Baltimore, MD"
TRUST CHINESE RESTAURANT,Washington Village,"758 WASHINGTON BLVD
Baltimore, MD"
TSUNAMI BALTIMORE,Little Italy,"1300 BANK ST
Baltimore, MD"
TUG'S RESTAURANT-TREMONT PLAZA HOTEL,Downtown,"222 ST PAUL PL
Baltimore, MD"
TURF BAR & LOUNGE,Downtown,"226 FAYETTE ST
Baltimore, MD"
TURNER'S CAFE,Federal Hill,"12 CROSS st
Baltimore, MD"
TURNTABLE LIMITED,Middle East,"2139 JEFFERSON ST
Baltimore, MD"
TWINS SUBWAY,Downtown,"1 HOWARD ST
Baltimore, MD"
TWO SISTERS GRILLE,Charles Village,"127 27TH ST
Baltimore, MD"
"TYSON PLACE, INC.  ( A.K.A 227 W CHASE ST)",Mid-Town Belvedere,"870 PARK AVE
Baltimore, MD"
Tyson's Tavern,Canton,"2112 FLEET ST
Baltimore, MD"
TYSON'S TAVERN,Canton,"2112 FLEET ST
Baltimore, MD"
UNCLE LEE'S AT THE HARBOR,Downtown,"44 SOUTH ST
Baltimore, MD"
UNCLE WALT'S PLACE,Morrell Park,"2351 WASHINGTON BLVD
Baltimore, MD"
UNION HOLDING COMPANY,Pulaski Industrial Area,"550 DUNDALK AVE
Baltimore, MD"
UNITED AUTO WORKERS HOLDING COMPANY,Greektown,"1010 OLDHAM ST
Baltimore, MD"
UNIVERSAL SOCIAL CLUB,Middle East,"2253 MC ELDERRY ST
Baltimore, MD"
UPPER DECK,Downtown,"34 eutaw st
Baltimore, MD"
V I P CITY  (1833-35),Carrollton Ridge,"1833 PRATT ST
Baltimore, MD"
v.f.w. post 2916,Brooklyn,"601 patapsco ave
Baltimore, MD"
"VACCARO'S ITALIAN PASTRY SHOP, INC.",Little Italy,"222 ALBEMARLE ST
Baltimore, MD"
"VALENTINO'S RESTAURANT,INC",Westfield,"6627 HARFORD RD
Baltimore, MD"
VELLEGGIA'S ITALIAN SEAFOOD RESTAURANT,Little Italy,"204 HIGH ST
Baltimore, MD"
VENICE TAVERN,Highlandtown,"339 CONKLING ST
Baltimore, MD"
"VENUS PIZZERIA, INC.",Guilford,"3713 GREENMOUNT AVE
Baltimore, MD"
VERNELL'S ICE PARADISE,Sandtown-Winchester,"1135 MONROE ST
Baltimore, MD"
"VFW POST #8509  - DONALD CRUMBLE,TRUSTEE",Greenmount West,"335 NORTH AVE
Baltimore, MD"
VIEN BENIDOS LOS CATRACHOS,Greektown,"5101 EASTERN AVE
Baltimore, MD"
VINNY'S  CAFE,Broening Manor,"6212 HOLABIRD AVE
Baltimore, MD"
VISION BAR & TAVERN,Kresson,"110 HAVEN ST
Baltimore, MD"
VITO'S PIZZA,Cedarcroft,"6304 YORK RD
Baltimore, MD"
"VULCAN BLAZERS, INC OF BALTIMORE CITY",Liberty Square,"2811 DRUID PARK DR
Baltimore, MD"
WAGON WHEEL INN,Pulaski Industrial Area,"823 POINT RD
Baltimore, MD"
WALT'S INN,Canton,"3201 O DONNELL ST
Baltimore, MD"
WAVERLY SOCIAL PLEASURE CLUB,Better Waverly,"920 3OTH ST
Baltimore, MD"
WEIDOG,Graceland Park,"6700 GERMAN HILL RD
Baltimore, MD"
WENDY'S,Millhill,"2339 FREDERICK AVE
Baltimore, MD"
WENDY'S,Reisterstown Station,"4200 PATTERSON AVE
Baltimore, MD"
WENDY'S  RESTAURANT,Upton,"901 McCulloh
Baltimore, MD"
WENDY'S #166,Joseph Lee,"6411 EASTERN AVE
Baltimore, MD"
WENDY'S #87,East Baltimore Midway,"2045 HARFORD RD
Baltimore, MD"
WENDY'S OLD FASHIONED HAMBURGERS #96,Homeland,"5615 YORK RD
Baltimore, MD"
WENDY'S RESTAURANT,Grove Park,"4410 NORTHERN PKWY
Baltimore, MD"
WERNER'S RESTAURANT,Downtown,"231 REDWOOD ST
Baltimore, MD"
WESTSIDE INN,Carrollton Ridge,"328 BENTALOU ST
Baltimore, MD"
WHISPERS,Sandtown-Winchester,"1811 BAKER ST
Baltimore, MD"
WHISTLING OYSTER,Fells Point,"807 BROADWAY
Baltimore, MD"
WHITTEN'S  (4502-04),Claremont-Freedom,"4502 ERDMAN AVE
Baltimore, MD"
WHITTEN'S II,Frankford,"5307 BELAIR RD
Baltimore, MD"
WILSON'S,Lauraville,"4537 HARFORD RD
Baltimore, MD"
WINDMILL/ MILOS,Greektown,"4617 EASTERN AVE
Baltimore, MD"
WINKS HILLTOP GRILL,Canton,"834 CONKLING ST
Baltimore, MD"
WINSTON LOUNGE,McElderry Park,"2343 MONUMENT ST
Baltimore, MD"
WOODBERRY KITCHEN,Woodberry,"2010 CLIPPER PARK RD
Baltimore, MD"
WOODEN NICKLE LOUNGE,East Baltimore Midway,"2215 KIRK AVE
Baltimore, MD"
wozi lounge,Guilford,"4515 YORK RD
Baltimore, MD"
WYLIE  LIQUORS (3101-03),Central Park Heights,"3101 WYLIE AVE
Baltimore, MD"
XANADU,Downtown,"10 CALVERT ST
Baltimore, MD"
XS,Mid-Town Belvedere,"1307 CHARLES ST
Baltimore, MD"
YELLOW BOWL CAFÂ,Johnston Square,"1234 GREENMOUNT AVE
Baltimore, MD"
YELLOW BOWL RESTAURANT II,Central Park Heights,"5131 PARK HEIGHTS AVE
Baltimore, MD"
YELLOW DOG TAVERN,Canton,"700 POTOMAC ST
Baltimore, MD"
YETI RESTAURANT & CARRYOUT,Rosebank,"5926 YORK RD
Baltimore, MD"
YORK CLUB TAVERN,Homeland,"5407 YORK RD
Baltimore, MD"
YOUNG'S PLACE,Middle East,"2200 FAYETTE ST
Baltimore, MD"
ZEEBA LOUNGE,Federal Hill,"916 LIGHT ST
Baltimore, MD"
ZEN WEST ROADSIDE CANTINA,Rosebank,"5916 YORK RD
Baltimore, MD"
ZIASCOS,Washington Hill,"1313 PRATT ST
Baltimore, MD"
ZINK'S CAFÂ,Belair-Edison,"3300 LAWNVIEW AVE
Baltimore, MD"
ZISSIMOS BAR,Hampden,"1023 36TH ST
Baltimore, MD"
ZORBAS,Greektown,"4710 EASTERN Ave
Baltimore, MD"
